receiver,model,seed,condition,accuracy,macro_f1,n_eval
b200_2,Shen-CIS,0,clean,0.993,0.9929904901724615,2000
b200_2,Shen-CIS,1,clean,0.9965,0.996496133852457,2000
b200_2,Shen-CIS,2,clean,0.9935,0.9934970865899662,2000
b200_2,Shen-CIS,3,clean,0.9965,0.9964986562124698,2000
b200_2,Shen-CIS,4,clean,0.9945,0.9944899022450808,2000
b200_2,Shen-RA,0,clean,0.996,0.9959973996745349,2000
b200_2,Shen-RA,1,clean,0.9935,0.9934966522632662,2000
b200_2,Shen-RA,2,clean,0.993,0.9929776510082979,2000
b200_2,Shen-RA,3,clean,0.997,0.9969999093452893,2000
b200_2,Shen-RA,4,clean,0.9945,0.9944843104833069,2000
b200_2,B1-OOB,0,clean,0.419,0.33503081903044574,2000
b200_2,B1-OOB,0,scale_0.5,0.1,0.01818181818173554,2000
b200_2,B1-OOB,0,scale_0.70710678,0.1,0.01818181818173554,2000
b200_2,B1-OOB,0,scale_1.41421356,0.178,0.07038055904973803,2000
b200_2,B1-OOB,0,scale_2.0,0.1545,0.06315407067710477,2000
b200_2,B1-OOB,0,shuffle,0.0915,0.07183350357126844,2000
b200_2,B1-OOB,0,neutral,0.115,0.04318647803250393,2000
b200_2,B1-OOB,0,left_scale_0.5,0.1,0.01818181818173554,2000
b200_2,B1-OOB,0,right_scale_0.5,0.3545,0.2609546862108377,2000
b200_2,B1-OOB,1,clean,0.5085,0.4543788923971649,2000
b200_2,B1-OOB,1,scale_0.5,0.1,0.018190086402827696,2000
b200_2,B1-OOB,1,scale_0.70710678,0.1,0.023543260741474142,2000
b200_2,B1-OOB,1,scale_1.41421356,0.1085,0.04224352376009423,2000
b200_2,B1-OOB,1,scale_2.0,0.119,0.04503634961385532,2000
b200_2,B1-OOB,1,shuffle,0.1075,0.08855907181052673,2000
b200_2,B1-OOB,1,neutral,0.169,0.0886882803323255,2000
b200_2,B1-OOB,1,left_scale_0.5,0.1,0.01825650387942375,2000
b200_2,B1-OOB,1,right_scale_0.5,0.356,0.29805774194064466,2000
b200_2,B1-OOB,2,clean,0.6585,0.6182733794847846,2000
b200_2,B1-OOB,2,scale_0.5,0.1,0.01818181818173554,2000
b200_2,B1-OOB,2,scale_0.70710678,0.1,0.01818181818173554,2000
b200_2,B1-OOB,2,scale_1.41421356,0.1055,0.0300766283522735,2000
b200_2,B1-OOB,2,scale_2.0,0.101,0.02058799534537304,2000
b200_2,B1-OOB,2,shuffle,0.1375,0.12404987081225245,2000
b200_2,B1-OOB,2,neutral,0.1655,0.1114284836168773,2000
b200_2,B1-OOB,2,left_scale_0.5,0.1,0.01818181818173554,2000
b200_2,B1-OOB,2,right_scale_0.5,0.425,0.3514036672505966,2000
b200_2,B1-OOB,3,clean,0.5665,0.515352227603526,2000
b200_2,B1-OOB,3,scale_0.5,0.1,0.01818181818173554,2000
b200_2,B1-OOB,3,scale_0.70710678,0.1,0.018206645425497468,2000
b200_2,B1-OOB,3,scale_1.41421356,0.001,0.0005347593582816208,2000
b200_2,B1-OOB,3,scale_2.0,0.1,0.01818181818173554,2000
b200_2,B1-OOB,3,shuffle,0.1155,0.10411865319687966,2000
b200_2,B1-OOB,3,neutral,0.129,0.06311956644290692,2000
b200_2,B1-OOB,3,left_scale_0.5,0.1,0.01818181818173554,2000
b200_2,B1-OOB,3,right_scale_0.5,0.445,0.4024803787364387,2000
b200_2,B1-OOB,4,clean,0.656,0.5904222287532893,2000
b200_2,B1-OOB,4,scale_0.5,0.1,0.01818181818173554,2000
b200_2,B1-OOB,4,scale_0.70710678,0.1,0.018382352941091994,2000
b200_2,B1-OOB,4,scale_1.41421356,0.1105,0.05063456926647649,2000
b200_2,B1-OOB,4,scale_2.0,0.09,0.016620498614881716,2000
b200_2,B1-OOB,4,shuffle,0.1145,0.09952530718476547,2000
b200_2,B1-OOB,4,neutral,0.1625,0.1059760349477484,2000
b200_2,B1-OOB,4,left_scale_0.5,0.1,0.01818181818173554,2000
b200_2,B1-OOB,4,right_scale_0.5,0.3355,0.23493007129426005,2000
b200_2,C'-OOB,0,clean,0.7645,0.7466136901256473,2000
b200_2,C'-OOB,0,scale_0.5,0.1635,0.07812849926252888,2000
b200_2,C'-OOB,0,scale_0.70710678,0.2935,0.17553531223723357,2000
b200_2,C'-OOB,0,scale_1.41421356,0.183,0.10063412721542657,2000
b200_2,C'-OOB,0,scale_2.0,0.138,0.06354070864354974,2000
b200_2,C'-OOB,0,shuffle,0.015,0.013546176109790748,2000
b200_2,C'-OOB,0,neutral,0.1465,0.057956856515094544,2000
b200_2,C'-OOB,0,left_scale_0.5,0.1395,0.07611353448731652,2000
b200_2,C'-OOB,0,right_scale_0.5,0.633,0.58091202586067,2000
b200_2,C'-OOB,1,clean,0.7005,0.6964692462032275,2000
b200_2,C'-OOB,1,scale_0.5,0.1005,0.030534198842009357,2000
b200_2,C'-OOB,1,scale_0.70710678,0.1995,0.14236285988646252,2000
b200_2,C'-OOB,1,scale_1.41421356,0.313,0.21378835761126144,2000
b200_2,C'-OOB,1,scale_2.0,0.122,0.051430403384192136,2000
b200_2,C'-OOB,1,shuffle,0.015,0.012805713259817586,2000
b200_2,C'-OOB,1,neutral,0.0455,0.009880564603637999,2000
b200_2,C'-OOB,1,left_scale_0.5,0.101,0.03528350630230641,2000
b200_2,C'-OOB,1,right_scale_0.5,0.751,0.7376743758403268,2000
b200_2,C'-OOB,2,clean,0.713,0.6802607755075137,2000
b200_2,C'-OOB,2,scale_0.5,0.1785,0.10591010168366674,2000
b200_2,C'-OOB,2,scale_0.70710678,0.2875,0.18103524660571732,2000
b200_2,C'-OOB,2,scale_1.41421356,0.2355,0.11912320608970968,2000
b200_2,C'-OOB,2,scale_2.0,0.179,0.07371667623570403,2000
b200_2,C'-OOB,2,shuffle,0.0175,0.01861765799336238,2000
b200_2,C'-OOB,2,neutral,0.1,0.027285129604179503,2000
b200_2,C'-OOB,2,left_scale_0.5,0.176,0.10427790189445248,2000
b200_2,C'-OOB,2,right_scale_0.5,0.712,0.6749957616891485,2000
b200_2,C'-OOB,3,clean,0.728,0.6836042608198725,2000
b200_2,C'-OOB,3,scale_0.5,0.1,0.018239854081084177,2000
b200_2,C'-OOB,3,scale_0.70710678,0.106,0.03975970676397352,2000
b200_2,C'-OOB,3,scale_1.41421356,0.253,0.14525498475565488,2000
b200_2,C'-OOB,3,scale_2.0,0.1115,0.03637623556116841,2000
b200_2,C'-OOB,3,shuffle,0.0305,0.028222455315924794,2000
b200_2,C'-OOB,3,neutral,0.1,0.01865671641782343,2000
b200_2,C'-OOB,3,left_scale_0.5,0.1,0.018239854081084177,2000
b200_2,C'-OOB,3,right_scale_0.5,0.7155,0.6671209112212202,2000
b200_2,C'-OOB,4,clean,0.7015,0.6740821044738461,2000
b200_2,C'-OOB,4,scale_0.5,0.1,0.018458698661659168,2000
b200_2,C'-OOB,4,scale_0.70710678,0.1095,0.04103530545314908,2000
b200_2,C'-OOB,4,scale_1.41421356,0.222,0.13534761539108495,2000
b200_2,C'-OOB,4,scale_2.0,0.1755,0.082238856714269,2000
b200_2,C'-OOB,4,shuffle,0.023,0.019994059309736918,2000
b200_2,C'-OOB,4,neutral,0.1,0.018744142455394828,2000
b200_2,C'-OOB,4,left_scale_0.5,0.1,0.01839926402935419,2000
b200_2,C'-OOB,4,right_scale_0.5,0.6775,0.6466097449381661,2000
b200_2,C'-TrueIB,0,clean,0.8185,0.808294580698368,2000
b200_2,C'-TrueIB,1,clean,0.315,0.29008446716254993,2000
b200_2,C'-TrueIB,2,clean,0.7625,0.738302877889104,2000
b200_2,C'-TrueIB,3,clean,0.7235,0.6959620231646132,2000
b200_2,C'-TrueIB,4,clean,0.3015,0.23884654392816457,2000
b200_mini_2,Shen-CIS,0,clean,1.0,0.9999999999749999,2000
b200_mini_2,Shen-CIS,1,clean,0.9995,0.9994999968499929,2000
b200_mini_2,Shen-CIS,2,clean,1.0,0.9999999999749999,2000
b200_mini_2,Shen-CIS,3,clean,1.0,0.9999999999749999,2000
b200_mini_2,Shen-CIS,4,clean,0.9995,0.9994999968499929,2000
b200_mini_2,Shen-RA,0,clean,1.0,0.9999999999749999,2000
b200_mini_2,Shen-RA,1,clean,1.0,0.9999999999749999,2000
b200_mini_2,Shen-RA,2,clean,1.0,0.9999999999749999,2000
b200_mini_2,Shen-RA,3,clean,1.0,0.9999999999749999,2000
b200_mini_2,Shen-RA,4,clean,1.0,0.9999999999749999,2000
b200_mini_2,B1-OOB,0,clean,0.4305,0.34452814042226654,2000
b200_mini_2,B1-OOB,0,scale_0.5,0.1,0.01818181818173554,2000
b200_mini_2,B1-OOB,0,scale_0.70710678,0.1,0.01818181818173554,2000
b200_mini_2,B1-OOB,0,scale_1.41421356,0.193,0.07795618306945841,2000
b200_mini_2,B1-OOB,0,scale_2.0,0.149,0.06253787617002622,2000
b200_mini_2,B1-OOB,0,shuffle,0.0965,0.07304317560769635,2000
b200_mini_2,B1-OOB,0,neutral,0.1265,0.049025936878655904,2000
b200_mini_2,B1-OOB,0,left_scale_0.5,0.1,0.01818181818173554,2000
b200_mini_2,B1-OOB,0,right_scale_0.5,0.364,0.2674817150726772,2000
b200_mini_2,B1-OOB,1,clean,0.564,0.5193529145729749,2000
b200_mini_2,B1-OOB,1,scale_0.5,0.1,0.01818181818173554,2000
b200_mini_2,B1-OOB,1,scale_0.70710678,0.1,0.024154589371834817,2000
b200_mini_2,B1-OOB,1,scale_1.41421356,0.109,0.043273776242943096,2000
b200_mini_2,B1-OOB,1,scale_2.0,0.1185,0.0466864812244801,2000
b200_mini_2,B1-OOB,1,shuffle,0.085,0.06959472766244863,2000
b200_mini_2,B1-OOB,1,neutral,0.165,0.09940269137125743,2000
b200_mini_2,B1-OOB,1,left_scale_0.5,0.1,0.01818181818173554,2000
b200_mini_2,B1-OOB,1,right_scale_0.5,0.347,0.287979610967971,2000
b200_mini_2,B1-OOB,2,clean,0.7245,0.7003137466023648,2000
b200_mini_2,B1-OOB,2,scale_0.5,0.1,0.01818181818173554,2000
b200_mini_2,B1-OOB,2,scale_0.70710678,0.1,0.01818181818173554,2000
b200_mini_2,B1-OOB,2,scale_1.41421356,0.1075,0.030317395553954296,2000
b200_mini_2,B1-OOB,2,scale_2.0,0.1005,0.020353626032397616,2000
b200_mini_2,B1-OOB,2,shuffle,0.1315,0.1217357265214722,2000
b200_mini_2,B1-OOB,2,neutral,0.172,0.11383566450558087,2000
b200_mini_2,B1-OOB,2,left_scale_0.5,0.1,0.01818181818173554,2000
b200_mini_2,B1-OOB,2,right_scale_0.5,0.4165,0.3324946252354971,2000
b200_mini_2,B1-OOB,3,clean,0.6125,0.5710718113966647,2000
b200_mini_2,B1-OOB,3,scale_0.5,0.1,0.01818181818173554,2000
b200_mini_2,B1-OOB,3,scale_0.70710678,0.1,0.018273184102246355,2000
b200_mini_2,B1-OOB,3,scale_1.41421356,0.0015,0.0007926023777966631,2000
b200_mini_2,B1-OOB,3,scale_2.0,0.1,0.018206645425497468,2000
b200_mini_2,B1-OOB,3,shuffle,0.119,0.10521207167753459,2000
b200_mini_2,B1-OOB,3,neutral,0.133,0.06628191150624393,2000
b200_mini_2,B1-OOB,3,left_scale_0.5,0.1,0.01818181818173554,2000
b200_mini_2,B1-OOB,3,right_scale_0.5,0.5125,0.47635008328559014,2000
b200_mini_2,B1-OOB,4,clean,0.7025,0.6562765626197276,2000
b200_mini_2,B1-OOB,4,scale_0.5,0.1,0.01818181818173554,2000
b200_mini_2,B1-OOB,4,scale_0.70710678,0.1,0.018340210912341403,2000
b200_mini_2,B1-OOB,4,scale_1.41421356,0.1335,0.06789892452921117,2000
b200_mini_2,B1-OOB,4,scale_2.0,0.1,0.01819836214732394,2000
b200_mini_2,B1-OOB,4,shuffle,0.103,0.08994114283548883,2000
b200_mini_2,B1-OOB,4,neutral,0.1675,0.10463482039135519,2000
b200_mini_2,B1-OOB,4,left_scale_0.5,0.1,0.01818181818173554,2000
b200_mini_2,B1-OOB,4,right_scale_0.5,0.3275,0.23134734924829345,2000
b200_mini_2,C'-OOB,0,clean,0.9115,0.9089144329372889,2000
b200_mini_2,C'-OOB,0,scale_0.5,0.117,0.051011326860141246,2000
b200_mini_2,C'-OOB,0,scale_0.70710678,0.247,0.14321988441553576,2000
b200_mini_2,C'-OOB,0,scale_1.41421356,0.1675,0.10462710104492831,2000
b200_mini_2,C'-OOB,0,scale_2.0,0.1185,0.04715312724540317,2000
b200_mini_2,C'-OOB,0,shuffle,0.0215,0.019580300921673018,2000
b200_mini_2,C'-OOB,0,neutral,0.1405,0.05185601799720344,2000
b200_mini_2,C'-OOB,0,left_scale_0.5,0.1,0.01965601965592307,2000
b200_mini_2,C'-OOB,0,right_scale_0.5,0.748,0.7266155777625433,2000
b200_mini_2,C'-OOB,1,clean,0.9255,0.9264234149495385,2000
b200_mini_2,C'-OOB,1,scale_0.5,0.1015,0.029171428571218495,2000
b200_mini_2,C'-OOB,1,scale_0.70710678,0.216,0.13367983802113542,2000
b200_mini_2,C'-OOB,1,scale_1.41421356,0.311,0.20011356905961622,2000
b200_mini_2,C'-OOB,1,scale_2.0,0.164,0.09383726067943103,2000
b200_mini_2,C'-OOB,1,shuffle,0.013,0.01323141652454087,2000
b200_mini_2,C'-OOB,1,neutral,0.123,0.06007279482740878,2000
b200_mini_2,C'-OOB,1,left_scale_0.5,0.1015,0.03377870494056602,2000
b200_mini_2,C'-OOB,1,right_scale_0.5,0.938,0.938375669169489,2000
b200_mini_2,C'-OOB,2,clean,0.907,0.9051537520732639,2000
b200_mini_2,C'-OOB,2,scale_0.5,0.1,0.01839926402935419,2000
b200_mini_2,C'-OOB,2,scale_0.70710678,0.201,0.1145940237800496,2000
b200_mini_2,C'-OOB,2,scale_1.41421356,0.2435,0.1293614912034908,2000
b200_mini_2,C'-OOB,2,scale_2.0,0.197,0.08604001007950081,2000
b200_mini_2,C'-OOB,2,shuffle,0.0305,0.03147599939505984,2000
b200_mini_2,C'-OOB,2,neutral,0.1495,0.06056136216751347,2000
b200_mini_2,C'-OOB,2,left_scale_0.5,0.1,0.018407731247039084,2000
b200_mini_2,C'-OOB,2,right_scale_0.5,0.906,0.9038978223947138,2000
b200_mini_2,C'-OOB,3,clean,0.893,0.8914234015706386,2000
b200_mini_2,C'-OOB,3,scale_0.5,0.1,0.018390804597616595,2000
b200_mini_2,C'-OOB,3,scale_0.70710678,0.1055,0.03904608457624411,2000
b200_mini_2,C'-OOB,3,scale_1.41421356,0.275,0.18967787410097103,2000
b200_mini_2,C'-OOB,3,scale_2.0,0.148,0.0956862745066529,2000
b200_mini_2,C'-OOB,3,shuffle,0.028,0.026743332983069273,2000
b200_mini_2,C'-OOB,3,neutral,0.1145,0.04250262333396766,2000
b200_mini_2,C'-OOB,3,left_scale_0.5,0.1,0.018382352941091994,2000
b200_mini_2,C'-OOB,3,right_scale_0.5,0.884,0.8821672522065478,2000
b200_mini_2,C'-OOB,4,clean,0.7805,0.7792460715539187,2000
b200_mini_2,C'-OOB,4,scale_0.5,0.1,0.01999000499740135,2000
b200_mini_2,C'-OOB,4,scale_0.70710678,0.168,0.08300032950781652,2000
b200_mini_2,C'-OOB,4,scale_1.41421356,0.2605,0.1605940437769657,2000
b200_mini_2,C'-OOB,4,scale_2.0,0.2,0.09100509261473164,2000
b200_mini_2,C'-OOB,4,shuffle,0.0435,0.040418305018200706,2000
b200_mini_2,C'-OOB,4,neutral,0.1015,0.02113840480558183,2000
b200_mini_2,C'-OOB,4,left_scale_0.5,0.1,0.019636720667552104,2000
b200_mini_2,C'-OOB,4,right_scale_0.5,0.754,0.7514353889127718,2000
b200_mini_2,C'-TrueIB,0,clean,0.797,0.7840750741215133,2000
b200_mini_2,C'-TrueIB,1,clean,0.336,0.3056969168593215,2000
b200_mini_2,C'-TrueIB,2,clean,0.796,0.7891240190396461,2000
b200_mini_2,C'-TrueIB,3,clean,0.752,0.7332929783126925,2000
b200_mini_2,C'-TrueIB,4,clean,0.301,0.23359485345459322,2000
b210_2,Shen-CIS,0,clean,0.997,0.9969998562171444,2000
b210_2,Shen-CIS,1,clean,0.9975,0.9974997968300403,2000
b210_2,Shen-CIS,2,clean,0.9945,0.994498918396715,2000
b210_2,Shen-CIS,3,clean,0.996,0.9959992998225646,2000
b210_2,Shen-CIS,4,clean,0.9985,0.9984999905999787,2000
b210_2,Shen-RA,0,clean,0.996,0.995998399334842,2000
b210_2,Shen-RA,1,clean,0.9975,0.9974999124702963,2000
b210_2,Shen-RA,2,clean,0.9915,0.9914961570002081,2000
b210_2,Shen-RA,3,clean,0.998,0.9979974403473186,2000
b210_2,Shen-RA,4,clean,0.9965,0.9964993216981576,2000
b210_2,B1-OOB,0,clean,0.4045,0.3186189723512124,2000
b210_2,B1-OOB,0,scale_0.5,0.1,0.01818181818173554,2000
b210_2,B1-OOB,0,scale_0.70710678,0.1,0.01818181818173554,2000
b210_2,B1-OOB,0,scale_1.41421356,0.166,0.0608541635212859,2000
b210_2,B1-OOB,0,scale_2.0,0.151,0.06391192476842009,2000
b210_2,B1-OOB,0,shuffle,0.0915,0.07251217834056989,2000
b210_2,B1-OOB,0,neutral,0.12,0.053296260520413793,2000
b210_2,B1-OOB,0,left_scale_0.5,0.1,0.01818181818173554,2000
b210_2,B1-OOB,0,right_scale_0.5,0.375,0.2755506536114004,2000
b210_2,B1-OOB,1,clean,0.546,0.5008032148759718,2000
b210_2,B1-OOB,1,scale_0.5,0.1,0.018357044515748707,2000
b210_2,B1-OOB,1,scale_0.70710678,0.1,0.024081878386369167,2000
b210_2,B1-OOB,1,scale_1.41421356,0.1085,0.040797196745471866,2000
b210_2,B1-OOB,1,scale_2.0,0.122,0.044202916909057796,2000
b210_2,B1-OOB,1,shuffle,0.0955,0.07733109756028603,2000
b210_2,B1-OOB,1,neutral,0.154,0.08965513732451798,2000
b210_2,B1-OOB,1,left_scale_0.5,0.1,0.01839926402935419,2000
b210_2,B1-OOB,1,right_scale_0.5,0.3225,0.25981924113000243,2000
b210_2,B1-OOB,2,clean,0.6415,0.6210115069578241,2000
b210_2,B1-OOB,2,scale_0.5,0.1,0.01818181818173554,2000
b210_2,B1-OOB,2,scale_0.70710678,0.1,0.018340210912341403,2000
b210_2,B1-OOB,2,scale_1.41421356,0.1125,0.0456567669602095,2000
b210_2,B1-OOB,2,scale_2.0,0.1,0.0199999999999,2000
b210_2,B1-OOB,2,shuffle,0.1405,0.13034938070336827,2000
b210_2,B1-OOB,2,neutral,0.1625,0.10202621685392048,2000
b210_2,B1-OOB,2,left_scale_0.5,0.1,0.01818181818173554,2000
b210_2,B1-OOB,2,right_scale_0.5,0.3855,0.2866366356996314,2000
b210_2,B1-OOB,3,clean,0.531,0.498930693716524,2000
b210_2,B1-OOB,3,scale_0.5,0.1,0.01818181818173554,2000
b210_2,B1-OOB,3,scale_0.70710678,0.1,0.01850994909755433,2000
b210_2,B1-OOB,3,scale_1.41421356,0.002,0.0010234191590344998,2000
b210_2,B1-OOB,3,scale_2.0,0.1,0.018190086402827696,2000
b210_2,B1-OOB,3,shuffle,0.1135,0.09774583944465015,2000
b210_2,B1-OOB,3,neutral,0.136,0.07142800787020923,2000
b210_2,B1-OOB,3,left_scale_0.5,0.1,0.018190086402827696,2000
b210_2,B1-OOB,3,right_scale_0.5,0.401,0.36173103037436,2000
b210_2,B1-OOB,4,clean,0.661,0.6213053933029984,2000
b210_2,B1-OOB,4,scale_0.5,0.1,0.01828989483302108,2000
b210_2,B1-OOB,4,scale_0.70710678,0.1,0.018674136321107964,2000
b210_2,B1-OOB,4,scale_1.41421356,0.1565,0.07252363046810086,2000
b210_2,B1-OOB,4,scale_2.0,0.1095,0.03401263217674137,2000
b210_2,B1-OOB,4,shuffle,0.11,0.09703878173199357,2000
b210_2,B1-OOB,4,neutral,0.1635,0.09091657438632933,2000
b210_2,B1-OOB,4,left_scale_0.5,0.1,0.01828989483302108,2000
b210_2,B1-OOB,4,right_scale_0.5,0.3175,0.23764898525988282,2000
b210_2,C'-OOB,0,clean,0.9055,0.8948548522132216,2000
b210_2,C'-OOB,0,scale_0.5,0.245,0.13128148690045835,2000
b210_2,C'-OOB,0,scale_0.70710678,0.299,0.18110299180674336,2000
b210_2,C'-OOB,0,scale_1.41421356,0.257,0.19925770714916707,2000
b210_2,C'-OOB,0,scale_2.0,0.173,0.09279590670142202,2000
b210_2,C'-OOB,0,shuffle,0.075,0.07021968601998567,2000
b210_2,C'-OOB,0,neutral,0.196,0.07962036288532715,2000
b210_2,C'-OOB,0,left_scale_0.5,0.1805,0.12636269323306942,2000
b210_2,C'-OOB,0,right_scale_0.5,0.9105,0.9013299785739077,2000
b210_2,C'-OOB,1,clean,0.9055,0.9026533717850953,2000
b210_2,C'-OOB,1,scale_0.5,0.218,0.11891454802772176,2000
b210_2,C'-OOB,1,scale_0.70710678,0.376,0.25785505219401733,2000
b210_2,C'-OOB,1,scale_1.41421356,0.355,0.22494667790896394,2000
b210_2,C'-OOB,1,scale_2.0,0.177,0.12228308443050695,2000
b210_2,C'-OOB,1,shuffle,0.0995,0.09591693050159474,2000
b210_2,C'-OOB,1,neutral,0.2205,0.12757466372104237,2000
b210_2,C'-OOB,1,left_scale_0.5,0.175,0.07315940260483308,2000
b210_2,C'-OOB,1,right_scale_0.5,0.938,0.9370857314404841,2000
b210_2,C'-OOB,2,clean,0.899,0.8945158656528548,2000
b210_2,C'-OOB,2,scale_0.5,0.167,0.0842964672466612,2000
b210_2,C'-OOB,2,scale_0.70710678,0.294,0.20065337903920494,2000
b210_2,C'-OOB,2,scale_1.41421356,0.2875,0.19854271472564172,2000
b210_2,C'-OOB,2,scale_2.0,0.1865,0.07879072371445264,2000
b210_2,C'-OOB,2,shuffle,0.1535,0.15925934410797346,2000
b210_2,C'-OOB,2,neutral,0.3135,0.19749766314299802,2000
b210_2,C'-OOB,2,left_scale_0.5,0.166,0.08434418498657426,2000
b210_2,C'-OOB,2,right_scale_0.5,0.893,0.8882672445253241,2000
b210_2,C'-OOB,3,clean,0.8265,0.811455092722189,2000
b210_2,C'-OOB,3,scale_0.5,0.1,0.01833180568277575,2000
b210_2,C'-OOB,3,scale_0.70710678,0.173,0.09543173328663365,2000
b210_2,C'-OOB,3,scale_1.41421356,0.2505,0.1795950730520323,2000
b210_2,C'-OOB,3,scale_2.0,0.126,0.05878613256507507,2000
b210_2,C'-OOB,3,shuffle,0.0905,0.10455418887401642,2000
b210_2,C'-OOB,3,neutral,0.2925,0.21783704618699576,2000
b210_2,C'-OOB,3,left_scale_0.5,0.1,0.01828153564891096,2000
b210_2,C'-OOB,3,right_scale_0.5,0.828,0.8133344589175033,2000
b210_2,C'-OOB,4,clean,0.908,0.9028336405928347,2000
b210_2,C'-OOB,4,scale_0.5,0.1305,0.0678670463626359,2000
b210_2,C'-OOB,4,scale_0.70710678,0.2975,0.209014840827284,2000
b210_2,C'-OOB,4,scale_1.41421356,0.296,0.1990177937725393,2000
b210_2,C'-OOB,4,scale_2.0,0.2275,0.1371539462366241,2000
b210_2,C'-OOB,4,shuffle,0.1045,0.10961989214083727,2000
b210_2,C'-OOB,4,neutral,0.2135,0.1444781139640519,2000
b210_2,C'-OOB,4,left_scale_0.5,0.1315,0.06894753942521224,2000
b210_2,C'-OOB,4,right_scale_0.5,0.9055,0.9003873386149024,2000
b210_2,C'-TrueIB,0,clean,0.8275,0.8154803150536815,2000
b210_2,C'-TrueIB,1,clean,0.2585,0.24047690946273964,2000
b210_2,C'-TrueIB,2,clean,0.7885,0.7691782559352737,2000
b210_2,C'-TrueIB,3,clean,0.76,0.7337603662002901,2000
b210_2,C'-TrueIB,4,clean,0.3085,0.23615289883506127,2000
n210_2,Shen-CIS,0,clean,1.0,0.9999999999749999,2000
n210_2,Shen-CIS,1,clean,1.0,0.9999999999749999,2000
n210_2,Shen-CIS,2,clean,0.9995,0.9994999968499929,2000
n210_2,Shen-CIS,3,clean,1.0,0.9999999999749999,2000
n210_2,Shen-CIS,4,clean,1.0,0.9999999999749999,2000
n210_2,Shen-RA,0,clean,1.0,0.9999999999749999,2000
n210_2,Shen-RA,1,clean,1.0,0.9999999999749999,2000
n210_2,Shen-RA,2,clean,0.9995,0.9994999968499929,2000
n210_2,Shen-RA,3,clean,1.0,0.9999999999749999,2000
n210_2,Shen-RA,4,clean,1.0,0.9999999999749999,2000
n210_2,B1-OOB,0,clean,0.3795,0.2917104716826823,2000
n210_2,B1-OOB,0,scale_0.5,0.1005,0.019188461157175915,2000
n210_2,B1-OOB,0,scale_0.70710678,0.1005,0.019188461157175915,2000
n210_2,B1-OOB,0,scale_1.41421356,0.1995,0.06656259565294949,2000
n210_2,B1-OOB,0,scale_2.0,0.1045,0.025590621503704048,2000
n210_2,B1-OOB,0,shuffle,0.1215,0.1208655852669818,2000
n210_2,B1-OOB,0,neutral,0.194,0.09455209386699752,2000
n210_2,B1-OOB,0,left_scale_0.5,0.1005,0.019188461157175915,2000
n210_2,B1-OOB,0,right_scale_0.5,0.2775,0.155625613199712,2000
n210_2,B1-OOB,1,clean,0.5895,0.5539059098092809,2000
n210_2,B1-OOB,1,scale_0.5,0.1005,0.019185111278400082,2000
n210_2,B1-OOB,1,scale_0.70710678,0.1005,0.026976847317766072,2000
n210_2,B1-OOB,1,scale_1.41421356,0.1715,0.06546705011846829,2000
n210_2,B1-OOB,1,scale_2.0,0.1925,0.0723329500785457,2000
n210_2,B1-OOB,1,shuffle,0.0785,0.07179381513876085,2000
n210_2,B1-OOB,1,neutral,0.0775,0.039380662950813536,2000
n210_2,B1-OOB,1,left_scale_0.5,0.1005,0.019185111278400082,2000
n210_2,B1-OOB,1,right_scale_0.5,0.5205,0.4488428447399385,2000
n210_2,B1-OOB,2,clean,0.7545,0.7153473196726996,2000
n210_2,B1-OOB,2,scale_0.5,0.1,0.018190086402827696,2000
n210_2,B1-OOB,2,scale_0.70710678,0.1005,0.019188461157175915,2000
n210_2,B1-OOB,2,scale_1.41421356,0.143,0.053781031697850666,2000
n210_2,B1-OOB,2,scale_2.0,0.125,0.04309431786945968,2000
n210_2,B1-OOB,2,shuffle,0.13,0.12981042994508932,2000
n210_2,B1-OOB,2,neutral,0.1525,0.09119940327281907,2000
n210_2,B1-OOB,2,left_scale_0.5,0.1005,0.019193387022896326,2000
n210_2,B1-OOB,2,right_scale_0.5,0.516,0.4976894375342436,2000
n210_2,B1-OOB,3,clean,0.6345,0.6134823092829589,2000
n210_2,B1-OOB,3,scale_0.5,0.1005,0.019188461157175915,2000
n210_2,B1-OOB,3,scale_0.70710678,0.1005,0.019224931875281556,2000
n210_2,B1-OOB,3,scale_1.41421356,0.095,0.05340933626904994,2000
n210_2,B1-OOB,3,scale_2.0,0.1,0.018214936247640187,2000
n210_2,B1-OOB,3,shuffle,0.13,0.12123782001333713,2000
n210_2,B1-OOB,3,neutral,0.1275,0.05766476614119912,2000
n210_2,B1-OOB,3,left_scale_0.5,0.1005,0.019188461157175915,2000
n210_2,B1-OOB,3,right_scale_0.5,0.485,0.4295761758609661,2000
n210_2,B1-OOB,4,clean,0.7925,0.7608394836965763,2000
n210_2,B1-OOB,4,scale_0.5,0.1,0.01818181818173554,2000
n210_2,B1-OOB,4,scale_0.70710678,0.1,0.018190086402827696,2000
n210_2,B1-OOB,4,scale_1.41421356,0.1705,0.09653396871431116,2000
n210_2,B1-OOB,4,scale_2.0,0.1,0.01819836214732394,2000
n210_2,B1-OOB,4,shuffle,0.1005,0.0952478827712025,2000
n210_2,B1-OOB,4,neutral,0.148,0.0779872432589975,2000
n210_2,B1-OOB,4,left_scale_0.5,0.1,0.018190086402827696,2000
n210_2,B1-OOB,4,right_scale_0.5,0.4425,0.3732359538292457,2000
n210_2,C'-OOB,0,clean,0.8895,0.8811308689795748,2000
n210_2,C'-OOB,0,scale_0.5,0.0975,0.03764827433305825,2000
n210_2,C'-OOB,0,scale_0.70710678,0.245,0.15396878458162302,2000
n210_2,C'-OOB,0,scale_1.41421356,0.1805,0.1090689878410183,2000
n210_2,C'-OOB,0,scale_2.0,0.11,0.03653044203411858,2000
n210_2,C'-OOB,0,shuffle,0.017,0.0142643719991729,2000
n210_2,C'-OOB,0,neutral,0.129,0.04322323711600473,2000
n210_2,C'-OOB,0,left_scale_0.5,0.0995,0.018979494515884696,2000
n210_2,C'-OOB,0,right_scale_0.5,0.8025,0.7871712117898655,2000
n210_2,C'-OOB,1,clean,0.9225,0.9204556565172679,2000
n210_2,C'-OOB,1,scale_0.5,0.1,0.029651593772945507,2000
n210_2,C'-OOB,1,scale_0.70710678,0.186,0.12580645161013962,2000
n210_2,C'-OOB,1,scale_1.41421356,0.304,0.20219942895757356,2000
n210_2,C'-OOB,1,scale_2.0,0.145,0.08006836794413232,2000
n210_2,C'-OOB,1,shuffle,0.0075,0.006898207501439965,2000
n210_2,C'-OOB,1,neutral,0.115,0.037552458640609424,2000
n210_2,C'-OOB,1,left_scale_0.5,0.1,0.033003300329760704,2000
n210_2,C'-OOB,1,right_scale_0.5,0.936,0.9347746217647732,2000
n210_2,C'-OOB,2,clean,0.881,0.8775214803012338,2000
n210_2,C'-OOB,2,scale_0.5,0.1,0.018306636155522624,2000
n210_2,C'-OOB,2,scale_0.70710678,0.206,0.13295132498402723,2000
n210_2,C'-OOB,2,scale_1.41421356,0.2045,0.11799118833710794,2000
n210_2,C'-OOB,2,scale_2.0,0.1985,0.08200190148935049,2000
n210_2,C'-OOB,2,shuffle,0.0315,0.031126002398137242,2000
n210_2,C'-OOB,2,neutral,0.154,0.056621718805556165,2000
n210_2,C'-OOB,2,left_scale_0.5,0.1,0.018264840182565002,2000
n210_2,C'-OOB,2,right_scale_0.5,0.886,0.8827474142900351,2000
n210_2,C'-OOB,3,clean,0.7645,0.7449444702230432,2000
n210_2,C'-OOB,3,scale_0.5,0.1,0.01818181818173554,2000
n210_2,C'-OOB,3,scale_0.70710678,0.1,0.03325020781352245,2000
n210_2,C'-OOB,3,scale_1.41421356,0.205,0.125802372035714,2000
n210_2,C'-OOB,3,scale_2.0,0.1015,0.02116231044998241,2000
n210_2,C'-OOB,3,shuffle,0.028,0.023323599047021117,2000
n210_2,C'-OOB,3,neutral,0.1005,0.019563284025113432,2000
n210_2,C'-OOB,3,left_scale_0.5,0.1,0.01818181818173554,2000
n210_2,C'-OOB,3,right_scale_0.5,0.756,0.7346348865850577,2000
n210_2,C'-OOB,4,clean,0.854,0.8488028516074502,2000
n210_2,C'-OOB,4,scale_0.5,0.1,0.018223234624062765,2000
n210_2,C'-OOB,4,scale_0.70710678,0.1105,0.05214454145575161,2000
n210_2,C'-OOB,4,scale_1.41421356,0.201,0.11486971981334523,2000
n210_2,C'-OOB,4,scale_2.0,0.169,0.09772776023826832,2000
n210_2,C'-OOB,4,shuffle,0.02,0.01773181576322414,2000
n210_2,C'-OOB,4,neutral,0.1,0.018223234624062765,2000
n210_2,C'-OOB,4,left_scale_0.5,0.1,0.01818181818173554,2000
n210_2,C'-OOB,4,right_scale_0.5,0.835,0.831260950825562,2000
n210_2,C'-TrueIB,0,clean,0.929,0.9243503941374236,2000
n210_2,C'-TrueIB,1,clean,0.5685,0.5288504502731801,2000
n210_2,C'-TrueIB,2,clean,0.8795,0.8780643796615827,2000
n210_2,C'-TrueIB,3,clean,0.901,0.8990249062939453,2000
n210_2,C'-TrueIB,4,clean,0.3025,0.23739650896715353,2000
n210_3,Shen-CIS,0,clean,0.9985,0.9984999155952907,2000
n210_3,Shen-CIS,1,clean,0.996,0.995998399334842,2000
n210_3,Shen-CIS,2,clean,0.992,0.9919871794623724,2000
n210_3,Shen-CIS,3,clean,0.9955,0.9954977206962251,2000
n210_3,Shen-CIS,4,clean,0.997,0.9969993248231648,2000
n210_3,Shen-RA,0,clean,0.9945,0.994495837452226,2000
n210_3,Shen-RA,1,clean,0.998,0.9979997999550475,2000
n210_3,Shen-RA,2,clean,0.9865,0.9864382090654862,2000
n210_3,Shen-RA,3,clean,0.9965,0.9964989277717237,2000
n210_3,Shen-RA,4,clean,0.9925,0.992489438247752,2000
n210_3,B1-OOB,0,clean,0.423,0.33611565245355923,2000
n210_3,B1-OOB,0,scale_0.5,0.1,0.018206645425497468,2000
n210_3,B1-OOB,0,scale_0.70710678,0.1,0.018223234624062765,2000
n210_3,B1-OOB,0,scale_1.41421356,0.197,0.06684653541612225,2000
n210_3,B1-OOB,0,scale_2.0,0.115,0.036580508474077116,2000
n210_3,B1-OOB,0,shuffle,0.0945,0.0817004926729011,2000
n210_3,B1-OOB,0,neutral,0.1925,0.09860839555678672,2000
n210_3,B1-OOB,0,left_scale_0.5,0.1,0.018206645425497468,2000
n210_3,B1-OOB,0,right_scale_0.5,0.3325,0.22683292540587985,2000
n210_3,B1-OOB,1,clean,0.5825,0.5397156803121097,2000
n210_3,B1-OOB,1,scale_0.5,0.1,0.018214936247640187,2000
n210_3,B1-OOB,1,scale_0.70710678,0.1,0.025445292620703275,2000
n210_3,B1-OOB,1,scale_1.41421356,0.14,0.054380955747909375,2000
n210_3,B1-OOB,1,scale_2.0,0.162,0.06217107242058504,2000
n210_3,B1-OOB,1,shuffle,0.075,0.06506089931185358,2000
n210_3,B1-OOB,1,neutral,0.163,0.11328874744909827,2000
n210_3,B1-OOB,1,left_scale_0.5,0.1,0.018223234624062765,2000
n210_3,B1-OOB,1,right_scale_0.5,0.49,0.44709067847543427,2000
n210_3,B1-OOB,2,clean,0.793,0.7754106609541248,2000
n210_3,B1-OOB,2,scale_0.5,0.1005,0.019196744435349442,2000
n210_3,B1-OOB,2,scale_0.70710678,0.1,0.018223234624062765,2000
n210_3,B1-OOB,2,scale_1.41421356,0.1235,0.037906344916622925,2000
n210_3,B1-OOB,2,scale_2.0,0.1065,0.026803566997707036,2000
n210_3,B1-OOB,2,shuffle,0.1475,0.14988882799595088,2000
n210_3,B1-OOB,2,neutral,0.159,0.09381864162316407,2000
n210_3,B1-OOB,2,left_scale_0.5,0.1005,0.019201670301069854,2000
n210_3,B1-OOB,2,right_scale_0.5,0.5265,0.48949753398308415,2000
n210_3,B1-OOB,3,clean,0.6905,0.681846272800974,2000
n210_3,B1-OOB,3,scale_0.5,0.1,0.018223234624062765,2000
n210_3,B1-OOB,3,scale_0.70710678,0.1,0.01828989483302108,2000
n210_3,B1-OOB,3,scale_1.41421356,0.0185,0.010551735703354383,2000
n210_3,B1-OOB,3,scale_2.0,0.101,0.020177088775154096,2000
n210_3,B1-OOB,3,shuffle,0.112,0.10275743808665472,2000
n210_3,B1-OOB,3,neutral,0.131,0.060609205325836205,2000
n210_3,B1-OOB,3,left_scale_0.5,0.1,0.018223234624062765,2000
n210_3,B1-OOB,3,right_scale_0.5,0.539,0.48866501294842923,2000
n210_3,B1-OOB,4,clean,0.8165,0.8022331433638709,2000
n210_3,B1-OOB,4,scale_0.5,0.1,0.01819836214732394,2000
n210_3,B1-OOB,4,scale_0.70710678,0.1005,0.01922856733921319,2000
n210_3,B1-OOB,4,scale_1.41421356,0.163,0.08679389152218872,2000
n210_3,B1-OOB,4,scale_2.0,0.1005,0.019196744435349442,2000
n210_3,B1-OOB,4,shuffle,0.116,0.10845423805644136,2000
n210_3,B1-OOB,4,neutral,0.157,0.08578131120488805,2000
n210_3,B1-OOB,4,left_scale_0.5,0.1005,0.019191867100325784,2000
n210_3,B1-OOB,4,right_scale_0.5,0.3355,0.2615395209872669,2000
n210_3,C'-OOB,0,clean,0.897,0.8955065444646217,2000
n210_3,C'-OOB,0,scale_0.5,0.085,0.03586209842419022,2000
n210_3,C'-OOB,0,scale_0.70710678,0.2325,0.14244665856426644,2000
n210_3,C'-OOB,0,scale_1.41421356,0.1475,0.08402323082786864,2000
n210_3,C'-OOB,0,scale_2.0,0.1,0.01818181818173554,2000
n210_3,C'-OOB,0,shuffle,0.024,0.022156605888252964,2000
n210_3,C'-OOB,0,neutral,0.1775,0.06355263157833788,2000
n210_3,C'-OOB,0,left_scale_0.5,0.1,0.0204290091929498,2000
n210_3,C'-OOB,0,right_scale_0.5,0.798,0.7702679981438483,2000
n210_3,C'-OOB,1,clean,0.915,0.9137610832875465,2000
n210_3,C'-OOB,1,scale_0.5,0.1,0.02751031636844904,2000
n210_3,C'-OOB,1,scale_0.70710678,0.2015,0.12403972892040105,2000
n210_3,C'-OOB,1,scale_1.41421356,0.283,0.18160582946413145,2000
n210_3,C'-OOB,1,scale_2.0,0.114,0.043859812856222896,2000
n210_3,C'-OOB,1,shuffle,0.0075,0.006920958410415193,2000
n210_3,C'-OOB,1,neutral,0.1575,0.05255556638918905,2000
n210_3,C'-OOB,1,left_scale_0.5,0.1,0.03207698476317501,2000
n210_3,C'-OOB,1,right_scale_0.5,0.904,0.9009900731094375,2000
n210_3,C'-OOB,2,clean,0.774,0.7668360811350843,2000
n210_3,C'-OOB,2,scale_0.5,0.1,0.018214936247640187,2000
n210_3,C'-OOB,2,scale_0.70710678,0.2025,0.10343557705693891,2000
n210_3,C'-OOB,2,scale_1.41421356,0.207,0.10199759440744993,2000
n210_3,C'-OOB,2,scale_2.0,0.199,0.07310635792705174,2000
n210_3,C'-OOB,2,shuffle,0.025,0.026464257464897677,2000
n210_3,C'-OOB,2,neutral,0.152,0.054885231575290475,2000
n210_3,C'-OOB,2,left_scale_0.5,0.1,0.018214936247640187,2000
n210_3,C'-OOB,2,right_scale_0.5,0.7765,0.768779327180005,2000
n210_3,C'-OOB,3,clean,0.709,0.6742795402677195,2000
n210_3,C'-OOB,3,scale_0.5,0.1,0.018190086402827696,2000
n210_3,C'-OOB,3,scale_0.70710678,0.1015,0.035555502025034255,2000
n210_3,C'-OOB,3,scale_1.41421356,0.1845,0.1048832367849585,2000
n210_3,C'-OOB,3,scale_2.0,0.1,0.01818181818173554,2000
n210_3,C'-OOB,3,shuffle,0.02,0.016265390153435606,2000
n210_3,C'-OOB,3,neutral,0.123,0.04326494179357981,2000
n210_3,C'-OOB,3,left_scale_0.5,0.1,0.018190086402827696,2000
n210_3,C'-OOB,3,right_scale_0.5,0.7015,0.6667037712185548,2000
n210_3,C'-OOB,4,clean,0.672,0.6375424180775362,2000
n210_3,C'-OOB,4,scale_0.5,0.1,0.018527095877635354,2000
n210_3,C'-OOB,4,scale_0.70710678,0.116,0.05773689568641634,2000
n210_3,C'-OOB,4,scale_1.41421356,0.2085,0.12430768233432228,2000
n210_3,C'-OOB,4,scale_2.0,0.135,0.06938277860815245,2000
n210_3,C'-OOB,4,shuffle,0.0285,0.024351195136017877,2000
n210_3,C'-OOB,4,neutral,0.1,0.01819836214732394,2000
n210_3,C'-OOB,4,left_scale_0.5,0.1,0.018306636155522624,2000
n210_3,C'-OOB,4,right_scale_0.5,0.657,0.625356291879927,2000
n210_3,C'-TrueIB,0,clean,0.849,0.8400482752335897,2000
n210_3,C'-TrueIB,1,clean,0.4235,0.385371282939868,2000
n210_3,C'-TrueIB,2,clean,0.8705,0.8693038992897376,2000
n210_3,C'-TrueIB,3,clean,0.8675,0.8611968820852127,2000
n210_3,C'-TrueIB,4,clean,0.298,0.23403991351717918,2000
pluto_2,Shen-CIS,0,clean,0.973,0.9726901477075959,2000
pluto_2,Shen-CIS,1,clean,0.9775,0.9773507300725907,2000
pluto_2,Shen-CIS,2,clean,0.9595,0.958188120849947,2000
pluto_2,Shen-CIS,3,clean,0.967,0.9663428444853869,2000
pluto_2,Shen-CIS,4,clean,0.961,0.9599403212423503,2000
pluto_2,Shen-RA,0,clean,0.9745,0.9742109089350951,2000
pluto_2,Shen-RA,1,clean,0.9795,0.9793401432679462,2000
pluto_2,Shen-RA,2,clean,0.943,0.9395541822390957,2000
pluto_2,Shen-RA,3,clean,0.973,0.9727093048081554,2000
pluto_2,Shen-RA,4,clean,0.9505,0.9478420678520447,2000
pluto_2,B1-OOB,0,clean,0.461,0.37464264032357997,2000
pluto_2,B1-OOB,0,scale_0.5,0.1,0.01818181818173554,2000
pluto_2,B1-OOB,0,scale_0.70710678,0.1,0.01818181818173554,2000
pluto_2,B1-OOB,0,scale_1.41421356,0.198,0.07080477740614176,2000
pluto_2,B1-OOB,0,scale_2.0,0.1355,0.05129851368333488,2000
pluto_2,B1-OOB,0,shuffle,0.12,0.11637910354033507,2000
pluto_2,B1-OOB,0,neutral,0.1995,0.09284066910280592,2000
pluto_2,B1-OOB,0,left_scale_0.5,0.1,0.01818181818173554,2000
pluto_2,B1-OOB,0,right_scale_0.5,0.322,0.22404650421121602,2000
pluto_2,B1-OOB,1,clean,0.5415,0.4781190236767382,2000
pluto_2,B1-OOB,1,scale_0.5,0.1,0.01818181818173554,2000
pluto_2,B1-OOB,1,scale_0.70710678,0.1,0.02302820955657439,2000
pluto_2,B1-OOB,1,scale_1.41421356,0.116,0.04588396764855717,2000
pluto_2,B1-OOB,1,scale_2.0,0.123,0.04829110015000755,2000
pluto_2,B1-OOB,1,shuffle,0.0855,0.07497766534587136,2000
pluto_2,B1-OOB,1,neutral,0.125,0.07987675431012173,2000
pluto_2,B1-OOB,1,left_scale_0.5,0.1,0.01818181818173554,2000
pluto_2,B1-OOB,1,right_scale_0.5,0.3415,0.3083194514253014,2000
pluto_2,B1-OOB,2,clean,0.8025,0.7873420736489409,2000
pluto_2,B1-OOB,2,scale_0.5,0.1,0.01818181818173554,2000
pluto_2,B1-OOB,2,scale_0.70710678,0.1,0.01818181818173554,2000
pluto_2,B1-OOB,2,scale_1.41421356,0.1185,0.034098498174054116,2000
pluto_2,B1-OOB,2,scale_2.0,0.1005,0.020482532542721622,2000
pluto_2,B1-OOB,2,shuffle,0.1415,0.14112595398508276,2000
pluto_2,B1-OOB,2,neutral,0.164,0.09865239912107729,2000
pluto_2,B1-OOB,2,left_scale_0.5,0.1,0.01818181818173554,2000
pluto_2,B1-OOB,2,right_scale_0.5,0.4495,0.3882259567270475,2000
pluto_2,B1-OOB,3,clean,0.788,0.7803827204922916,2000
pluto_2,B1-OOB,3,scale_0.5,0.1,0.01818181818173554,2000
pluto_2,B1-OOB,3,scale_0.70710678,0.1,0.01818181818173554,2000
pluto_2,B1-OOB,3,scale_1.41421356,0.068,0.03275276028794724,2000
pluto_2,B1-OOB,3,scale_2.0,0.1,0.01818181818173554,2000
pluto_2,B1-OOB,3,shuffle,0.093,0.08118185452161351,2000
pluto_2,B1-OOB,3,neutral,0.1365,0.074090954787156,2000
pluto_2,B1-OOB,3,left_scale_0.5,0.1,0.01818181818173554,2000
pluto_2,B1-OOB,3,right_scale_0.5,0.5935,0.5608713879311255,2000
pluto_2,B1-OOB,4,clean,0.8045,0.782550609604482,2000
pluto_2,B1-OOB,4,scale_0.5,0.1,0.01818181818173554,2000
pluto_2,B1-OOB,4,scale_0.70710678,0.1,0.018223234624062765,2000
pluto_2,B1-OOB,4,scale_1.41421356,0.175,0.09211390342913477,2000
pluto_2,B1-OOB,4,scale_2.0,0.1,0.01818181818173554,2000
pluto_2,B1-OOB,4,shuffle,0.097,0.09186748991176948,2000
pluto_2,B1-OOB,4,neutral,0.159,0.09672696479844996,2000
pluto_2,B1-OOB,4,left_scale_0.5,0.1,0.01818181818173554,2000
pluto_2,B1-OOB,4,right_scale_0.5,0.3145,0.24026980003061293,2000
pluto_2,C'-OOB,0,clean,0.9015,0.8974107138528519,2000
pluto_2,C'-OOB,0,scale_0.5,0.097,0.03225936598537743,2000
pluto_2,C'-OOB,0,scale_0.70710678,0.229,0.1534974271261192,2000
pluto_2,C'-OOB,0,scale_1.41421356,0.15,0.08844336442238024,2000
pluto_2,C'-OOB,0,scale_2.0,0.1,0.01818181818173554,2000
pluto_2,C'-OOB,0,shuffle,0.0205,0.019532899634032798,2000
pluto_2,C'-OOB,0,neutral,0.1,0.021871273173900606,2000
pluto_2,C'-OOB,0,left_scale_0.5,0.101,0.024023151892223437,2000
pluto_2,C'-OOB,0,right_scale_0.5,0.82,0.81275397745732,2000
pluto_2,C'-OOB,1,clean,0.882,0.8672486293291245,2000
pluto_2,C'-OOB,1,scale_0.5,0.1,0.02422774076302709,2000
pluto_2,C'-OOB,1,scale_0.70710678,0.2,0.11660898882477322,2000
pluto_2,C'-OOB,1,scale_1.41421356,0.283,0.17823622725182697,2000
pluto_2,C'-OOB,1,scale_2.0,0.1475,0.08494940453149766,2000
pluto_2,C'-OOB,1,shuffle,0.013,0.012063483809934623,2000
pluto_2,C'-OOB,1,neutral,0.1,0.018214936247640187,2000
pluto_2,C'-OOB,1,left_scale_0.5,0.1,0.02947678702999649,2000
pluto_2,C'-OOB,1,right_scale_0.5,0.88,0.8590301977810644,2000
pluto_2,C'-OOB,2,clean,0.724,0.6687824613379139,2000
pluto_2,C'-OOB,2,scale_0.5,0.1,0.018407731247039084,2000
pluto_2,C'-OOB,2,scale_0.70710678,0.1965,0.09212304409547738,2000
pluto_2,C'-OOB,2,scale_1.41421356,0.218,0.10802539849778288,2000
pluto_2,C'-OOB,2,scale_2.0,0.197,0.08162523162612598,2000
pluto_2,C'-OOB,2,shuffle,0.0385,0.03404791170402156,2000
pluto_2,C'-OOB,2,neutral,0.1,0.022439308277911123,2000
pluto_2,C'-OOB,2,left_scale_0.5,0.1,0.01839926402935419,2000
pluto_2,C'-OOB,2,right_scale_0.5,0.734,0.677866979822095,2000
pluto_2,C'-OOB,3,clean,0.774,0.7239164313078547,2000
pluto_2,C'-OOB,3,scale_0.5,0.1,0.01818181818173554,2000
pluto_2,C'-OOB,3,scale_0.70710678,0.1015,0.033608863412032085,2000
pluto_2,C'-OOB,3,scale_1.41421356,0.1875,0.1126913315026459,2000
pluto_2,C'-OOB,3,scale_2.0,0.1,0.01818181818173554,2000
pluto_2,C'-OOB,3,shuffle,0.0355,0.029233699821005082,2000
pluto_2,C'-OOB,3,neutral,0.115,0.039647001143174494,2000
pluto_2,C'-OOB,3,left_scale_0.5,0.1,0.01818181818173554,2000
pluto_2,C'-OOB,3,right_scale_0.5,0.768,0.7179759675341624,2000
pluto_2,C'-OOB,4,clean,0.665,0.6175177743147369,2000
pluto_2,C'-OOB,4,scale_0.5,0.1,0.01890359168233032,2000
pluto_2,C'-OOB,4,scale_0.70710678,0.1055,0.04248008722176111,2000
pluto_2,C'-OOB,4,scale_1.41421356,0.2045,0.11586351202294898,2000
pluto_2,C'-OOB,4,scale_2.0,0.159,0.09254120361553902,2000
pluto_2,C'-OOB,4,shuffle,0.0455,0.0362327618481991,2000
pluto_2,C'-OOB,4,neutral,0.1,0.01818181818173554,2000
pluto_2,C'-OOB,4,left_scale_0.5,0.1,0.018604651162704166,2000
pluto_2,C'-OOB,4,right_scale_0.5,0.6385,0.5926366084826932,2000
pluto_2,C'-TrueIB,0,clean,0.7185,0.6633130711430701,2000
pluto_2,C'-TrueIB,1,clean,0.452,0.38928249269599163,2000
pluto_2,C'-TrueIB,2,clean,0.916,0.9146580047782052,2000
pluto_2,C'-TrueIB,3,clean,0.911,0.909373167952791,2000
pluto_2,C'-TrueIB,4,clean,0.3145,0.24513067008822204,2000
