direction,seed,split_seed,shot_k,alpha,distance,file_acc,macro_f1
rx1_to_rx2,0,0,1,0.0,cosine,0.375,0.2805555555555555
rx1_to_rx2,0,0,1,0.25,cosine,0.3333333333333333,0.22499999999999998
rx1_to_rx2,0,0,1,0.5,cosine,0.16666666666666666,0.11388888888888889
rx1_to_rx2,0,0,1,0.75,cosine,0.3333333333333333,0.2569444444444444
rx1_to_rx2,0,0,1,1.0,cosine,0.125,0.08333333333333333
rx1_to_rx2,0,0,3,0.0,cosine,0.3333333333333333,0.24583333333333332
rx1_to_rx2,0,0,3,0.25,cosine,0.5,0.4055555555555556
rx1_to_rx2,0,0,3,0.5,cosine,0.4166666666666667,0.34722222222222215
rx1_to_rx2,0,0,3,0.75,cosine,0.25,0.1875
rx1_to_rx2,0,0,3,1.0,cosine,0.125,0.08333333333333333
rx1_to_rx2,0,0,5,0.0,cosine,0.4583333333333333,0.3680555555555555
rx1_to_rx2,0,0,5,0.25,cosine,0.5416666666666666,0.4333333333333333
rx1_to_rx2,0,0,5,0.5,cosine,0.2916666666666667,0.20138888888888887
rx1_to_rx2,0,0,5,0.75,cosine,0.16666666666666666,0.125
rx1_to_rx2,0,0,5,1.0,cosine,0.125,0.08333333333333333
rx1_to_rx2,0,0,10,0.0,cosine,0.5833333333333334,0.4930555555555555
rx1_to_rx2,0,0,10,0.25,cosine,0.5416666666666666,0.4791666666666667
rx1_to_rx2,0,0,10,0.5,cosine,0.3333333333333333,0.27777777777777773
rx1_to_rx2,0,0,10,0.75,cosine,0.20833333333333334,0.15277777777777776
rx1_to_rx2,0,0,10,1.0,cosine,0.125,0.08333333333333333
rx1_to_rx2,0,0,20,0.0,cosine,0.7083333333333334,0.6180555555555555
rx1_to_rx2,0,0,20,0.25,cosine,0.5833333333333334,0.5
rx1_to_rx2,0,0,20,0.5,cosine,0.375,0.2986111111111111
rx1_to_rx2,0,0,20,0.75,cosine,0.20833333333333334,0.15277777777777776
rx1_to_rx2,0,0,20,1.0,cosine,0.125,0.08333333333333333
rx1_to_rx2,0,1,1,0.0,cosine,0.2916666666666667,0.2063492063492063
rx1_to_rx2,0,1,1,0.25,cosine,0.3333333333333333,0.2523148148148148
rx1_to_rx2,0,1,1,0.5,cosine,0.3333333333333333,0.22996031746031745
rx1_to_rx2,0,1,1,0.75,cosine,0.2916666666666667,0.22916666666666666
rx1_to_rx2,0,1,1,1.0,cosine,0.041666666666666664,0.027777777777777776
rx1_to_rx2,0,1,3,0.0,cosine,0.5416666666666666,0.44940476190476186
rx1_to_rx2,0,1,3,0.25,cosine,0.4166666666666667,0.3194444444444444
rx1_to_rx2,0,1,3,0.5,cosine,0.375,0.2916666666666667
rx1_to_rx2,0,1,3,0.75,cosine,0.08333333333333333,0.05555555555555555
rx1_to_rx2,0,1,3,1.0,cosine,0.041666666666666664,0.027777777777777776
rx1_to_rx2,0,1,5,0.0,cosine,0.5833333333333334,0.5257936507936508
rx1_to_rx2,0,1,5,0.25,cosine,0.5,0.4236111111111111
rx1_to_rx2,0,1,5,0.5,cosine,0.2916666666666667,0.22916666666666666
rx1_to_rx2,0,1,5,0.75,cosine,0.16666666666666666,0.11805555555555554
rx1_to_rx2,0,1,5,1.0,cosine,0.041666666666666664,0.027777777777777776
rx1_to_rx2,0,1,10,0.0,cosine,0.625,0.5416666666666666
rx1_to_rx2,0,1,10,0.25,cosine,0.5416666666666666,0.44722222222222224
rx1_to_rx2,0,1,10,0.5,cosine,0.375,0.30833333333333335
rx1_to_rx2,0,1,10,0.75,cosine,0.16666666666666666,0.11805555555555554
rx1_to_rx2,0,1,10,1.0,cosine,0.041666666666666664,0.027777777777777776
rx1_to_rx2,0,1,20,0.0,cosine,0.75,0.6972222222222223
rx1_to_rx2,0,1,20,0.25,cosine,0.5416666666666666,0.47222222222222215
rx1_to_rx2,0,1,20,0.5,cosine,0.3333333333333333,0.25277777777777777
rx1_to_rx2,0,1,20,0.75,cosine,0.16666666666666666,0.11805555555555554
rx1_to_rx2,0,1,20,1.0,cosine,0.041666666666666664,0.027777777777777776
rx1_to_rx2,0,2,1,0.0,cosine,0.20833333333333334,0.1597222222222222
rx1_to_rx2,0,2,1,0.25,cosine,0.25,0.19027777777777777
rx1_to_rx2,0,2,1,0.5,cosine,0.25,0.20833333333333334
rx1_to_rx2,0,2,1,0.75,cosine,0.3333333333333333,0.2916666666666667
rx1_to_rx2,0,2,1,1.0,cosine,0.041666666666666664,0.027777777777777776
rx1_to_rx2,0,2,3,0.0,cosine,0.3333333333333333,0.2916666666666667
rx1_to_rx2,0,2,3,0.25,cosine,0.4166666666666667,0.3611111111111111
rx1_to_rx2,0,2,3,0.5,cosine,0.20833333333333334,0.14583333333333334
rx1_to_rx2,0,2,3,0.75,cosine,0.20833333333333334,0.17361111111111108
rx1_to_rx2,0,2,3,1.0,cosine,0.041666666666666664,0.027777777777777776
rx1_to_rx2,0,2,5,0.0,cosine,0.4166666666666667,0.32222222222222224
rx1_to_rx2,0,2,5,0.25,cosine,0.375,0.3055555555555555
rx1_to_rx2,0,2,5,0.5,cosine,0.375,0.3263888888888889
rx1_to_rx2,0,2,5,0.75,cosine,0.125,0.1111111111111111
rx1_to_rx2,0,2,5,1.0,cosine,0.041666666666666664,0.027777777777777776
rx1_to_rx2,0,2,10,0.0,cosine,0.5416666666666666,0.46527777777777773
rx1_to_rx2,0,2,10,0.25,cosine,0.4583333333333333,0.3819444444444444
rx1_to_rx2,0,2,10,0.5,cosine,0.2916666666666667,0.21527777777777776
rx1_to_rx2,0,2,10,0.75,cosine,0.08333333333333333,0.06944444444444443
rx1_to_rx2,0,2,10,1.0,cosine,0.041666666666666664,0.027777777777777776
rx1_to_rx2,0,2,20,0.0,cosine,0.7083333333333334,0.6319444444444443
rx1_to_rx2,0,2,20,0.25,cosine,0.5833333333333334,0.548611111111111
rx1_to_rx2,0,2,20,0.5,cosine,0.4166666666666667,0.3680555555555555
rx1_to_rx2,0,2,20,0.75,cosine,0.16666666666666666,0.13888888888888887
rx1_to_rx2,0,2,20,1.0,cosine,0.041666666666666664,0.027777777777777776
rx1_to_rx2,1,0,1,0.0,cosine,0.4583333333333333,0.3819444444444444
rx1_to_rx2,1,0,1,0.25,cosine,0.4166666666666667,0.2924603174603175
rx1_to_rx2,1,0,1,0.5,cosine,0.3333333333333333,0.24801587301587302
rx1_to_rx2,1,0,1,0.75,cosine,0.3333333333333333,0.23194444444444443
rx1_to_rx2,1,0,1,1.0,cosine,0.16666666666666666,0.13888888888888887
rx1_to_rx2,1,0,3,0.0,cosine,0.4166666666666667,0.3013888888888889
rx1_to_rx2,1,0,3,0.25,cosine,0.5,0.3847222222222222
rx1_to_rx2,1,0,3,0.5,cosine,0.3333333333333333,0.25277777777777777
rx1_to_rx2,1,0,3,0.75,cosine,0.20833333333333334,0.18055555555555555
rx1_to_rx2,1,0,3,1.0,cosine,0.16666666666666666,0.13888888888888887
rx1_to_rx2,1,0,5,0.0,cosine,0.5833333333333334,0.4930555555555555
rx1_to_rx2,1,0,5,0.25,cosine,0.5416666666666666,0.4583333333333333
rx1_to_rx2,1,0,5,0.5,cosine,0.4166666666666667,0.36388888888888893
rx1_to_rx2,1,0,5,0.75,cosine,0.20833333333333334,0.16666666666666666
rx1_to_rx2,1,0,5,1.0,cosine,0.16666666666666666,0.13888888888888887
rx1_to_rx2,1,0,10,0.0,cosine,0.5416666666666666,0.4930555555555555
rx1_to_rx2,1,0,10,0.25,cosine,0.5833333333333334,0.5069444444444444
rx1_to_rx2,1,0,10,0.5,cosine,0.3333333333333333,0.25
rx1_to_rx2,1,0,10,0.75,cosine,0.2916666666666667,0.2222222222222222
rx1_to_rx2,1,0,10,1.0,cosine,0.16666666666666666,0.13888888888888887
rx1_to_rx2,1,0,20,0.0,cosine,0.75,0.7013888888888888
rx1_to_rx2,1,0,20,0.25,cosine,0.5416666666666666,0.46527777777777773
rx1_to_rx2,1,0,20,0.5,cosine,0.4166666666666667,0.3361111111111111
rx1_to_rx2,1,0,20,0.75,cosine,0.25,0.19444444444444442
rx1_to_rx2,1,0,20,1.0,cosine,0.16666666666666666,0.13888888888888887
rx1_to_rx2,1,1,1,0.0,cosine,0.20833333333333334,0.1597222222222222
rx1_to_rx2,1,1,1,0.25,cosine,0.2916666666666667,0.2111111111111111
rx1_to_rx2,1,1,1,0.5,cosine,0.375,0.32638888888888884
rx1_to_rx2,1,1,1,0.75,cosine,0.3333333333333333,0.25
rx1_to_rx2,1,1,1,1.0,cosine,0.125,0.1111111111111111
rx1_to_rx2,1,1,3,0.0,cosine,0.5,0.35694444444444445
rx1_to_rx2,1,1,3,0.25,cosine,0.5,0.3847222222222222
rx1_to_rx2,1,1,3,0.5,cosine,0.2916666666666667,0.1875
rx1_to_rx2,1,1,3,0.75,cosine,0.25,0.20833333333333334
rx1_to_rx2,1,1,3,1.0,cosine,0.125,0.1111111111111111
rx1_to_rx2,1,1,5,0.0,cosine,0.5416666666666666,0.4166666666666667
rx1_to_rx2,1,1,5,0.25,cosine,0.5833333333333334,0.4930555555555555
rx1_to_rx2,1,1,5,0.5,cosine,0.2916666666666667,0.22916666666666666
rx1_to_rx2,1,1,5,0.75,cosine,0.25,0.19444444444444442
rx1_to_rx2,1,1,5,1.0,cosine,0.125,0.1111111111111111
rx1_to_rx2,1,1,10,0.0,cosine,0.7083333333333334,0.6458333333333333
rx1_to_rx2,1,1,10,0.25,cosine,0.5416666666666666,0.45416666666666666
rx1_to_rx2,1,1,10,0.5,cosine,0.375,0.30833333333333335
rx1_to_rx2,1,1,10,0.75,cosine,0.20833333333333334,0.1597222222222222
rx1_to_rx2,1,1,10,1.0,cosine,0.125,0.1111111111111111
rx1_to_rx2,1,1,20,0.0,cosine,0.6666666666666666,0.6319444444444444
rx1_to_rx2,1,1,20,0.25,cosine,0.6666666666666666,0.5972222222222222
rx1_to_rx2,1,1,20,0.5,cosine,0.4166666666666667,0.3361111111111111
rx1_to_rx2,1,1,20,0.75,cosine,0.16666666666666666,0.13888888888888887
rx1_to_rx2,1,1,20,1.0,cosine,0.125,0.1111111111111111
rx1_to_rx2,1,2,1,0.0,cosine,0.25,0.1625
rx1_to_rx2,1,2,1,0.25,cosine,0.25,0.15277777777777776
rx1_to_rx2,1,2,1,0.5,cosine,0.25,0.20833333333333334
rx1_to_rx2,1,2,1,0.75,cosine,0.3333333333333333,0.27777777777777773
rx1_to_rx2,1,2,1,1.0,cosine,0.16666666666666666,0.13888888888888887
rx1_to_rx2,1,2,3,0.0,cosine,0.375,0.2805555555555555
rx1_to_rx2,1,2,3,0.25,cosine,0.375,0.2875
rx1_to_rx2,1,2,3,0.5,cosine,0.2916666666666667,0.22916666666666666
rx1_to_rx2,1,2,3,0.75,cosine,0.25,0.2222222222222222
rx1_to_rx2,1,2,3,1.0,cosine,0.16666666666666666,0.13888888888888887
rx1_to_rx2,1,2,5,0.0,cosine,0.5833333333333334,0.46527777777777773
rx1_to_rx2,1,2,5,0.25,cosine,0.4166666666666667,0.3333333333333333
rx1_to_rx2,1,2,5,0.5,cosine,0.3333333333333333,0.2638888888888889
rx1_to_rx2,1,2,5,0.75,cosine,0.20833333333333334,0.18055555555555555
rx1_to_rx2,1,2,5,1.0,cosine,0.16666666666666666,0.13888888888888887
rx1_to_rx2,1,2,10,0.0,cosine,0.75,0.6805555555555555
rx1_to_rx2,1,2,10,0.25,cosine,0.625,0.5375
rx1_to_rx2,1,2,10,0.5,cosine,0.25,0.20833333333333334
rx1_to_rx2,1,2,10,0.75,cosine,0.20833333333333334,0.18055555555555555
rx1_to_rx2,1,2,10,1.0,cosine,0.16666666666666666,0.13888888888888887
rx1_to_rx2,1,2,20,0.0,cosine,0.8333333333333334,0.7777777777777777
rx1_to_rx2,1,2,20,0.25,cosine,0.7083333333333334,0.6388888888888888
rx1_to_rx2,1,2,20,0.5,cosine,0.375,0.3194444444444444
rx1_to_rx2,1,2,20,0.75,cosine,0.16666666666666666,0.13888888888888887
rx1_to_rx2,1,2,20,1.0,cosine,0.16666666666666666,0.13888888888888887
rx1_to_rx2,2,0,1,0.0,cosine,0.5,0.38888888888888884
rx1_to_rx2,2,0,1,0.25,cosine,0.4583333333333333,0.3541666666666667
rx1_to_rx2,2,0,1,0.5,cosine,0.25,0.16249999999999998
rx1_to_rx2,2,0,1,0.75,cosine,0.20833333333333334,0.13194444444444445
rx1_to_rx2,2,0,1,1.0,cosine,0.25,0.16319444444444442
rx1_to_rx2,2,0,3,0.0,cosine,0.5833333333333334,0.4791666666666667
rx1_to_rx2,2,0,3,0.25,cosine,0.5416666666666666,0.4236111111111111
rx1_to_rx2,2,0,3,0.5,cosine,0.3333333333333333,0.21388888888888888
rx1_to_rx2,2,0,3,0.75,cosine,0.2916666666666667,0.18055555555555555
rx1_to_rx2,2,0,3,1.0,cosine,0.25,0.16319444444444442
rx1_to_rx2,2,0,5,0.0,cosine,0.75,0.6833333333333332
rx1_to_rx2,2,0,5,0.25,cosine,0.625,0.5277777777777777
rx1_to_rx2,2,0,5,0.5,cosine,0.3333333333333333,0.19999999999999998
rx1_to_rx2,2,0,5,0.75,cosine,0.2916666666666667,0.18055555555555555
rx1_to_rx2,2,0,5,1.0,cosine,0.25,0.16319444444444442
rx1_to_rx2,2,0,10,0.0,cosine,0.75,0.7013888888888888
rx1_to_rx2,2,0,10,0.25,cosine,0.625,0.5305555555555556
rx1_to_rx2,2,0,10,0.5,cosine,0.3333333333333333,0.2069444444444444
rx1_to_rx2,2,0,10,0.75,cosine,0.2916666666666667,0.18333333333333332
rx1_to_rx2,2,0,10,1.0,cosine,0.25,0.16319444444444442
rx1_to_rx2,2,0,20,0.0,cosine,0.7916666666666666,0.7222222222222222
rx1_to_rx2,2,0,20,0.25,cosine,0.5833333333333334,0.4861111111111111
rx1_to_rx2,2,0,20,0.5,cosine,0.3333333333333333,0.2069444444444444
rx1_to_rx2,2,0,20,0.75,cosine,0.2916666666666667,0.18333333333333332
rx1_to_rx2,2,0,20,1.0,cosine,0.25,0.16319444444444442
rx1_to_rx2,2,1,1,0.0,cosine,0.5416666666666666,0.45634920634920634
rx1_to_rx2,2,1,1,0.25,cosine,0.4583333333333333,0.3736111111111111
rx1_to_rx2,2,1,1,0.5,cosine,0.375,0.2666666666666666
rx1_to_rx2,2,1,1,0.75,cosine,0.25,0.1550925925925926
rx1_to_rx2,2,1,1,1.0,cosine,0.25,0.12648809523809523
rx1_to_rx2,2,1,3,0.0,cosine,0.6666666666666666,0.5763888888888888
rx1_to_rx2,2,1,3,0.25,cosine,0.625,0.548611111111111
rx1_to_rx2,2,1,3,0.5,cosine,0.3333333333333333,0.19999999999999998
rx1_to_rx2,2,1,3,0.75,cosine,0.25,0.13888888888888887
rx1_to_rx2,2,1,3,1.0,cosine,0.25,0.12648809523809523
rx1_to_rx2,2,1,5,0.0,cosine,0.6666666666666666,0.6
rx1_to_rx2,2,1,5,0.25,cosine,0.6666666666666666,0.5833333333333334
rx1_to_rx2,2,1,5,0.5,cosine,0.3333333333333333,0.20416666666666664
rx1_to_rx2,2,1,5,0.75,cosine,0.25,0.13888888888888887
rx1_to_rx2,2,1,5,1.0,cosine,0.25,0.12648809523809523
rx1_to_rx2,2,1,10,0.0,cosine,0.8333333333333334,0.7777777777777777
rx1_to_rx2,2,1,10,0.25,cosine,0.5833333333333334,0.4861111111111111
rx1_to_rx2,2,1,10,0.5,cosine,0.375,0.24583333333333332
rx1_to_rx2,2,1,10,0.75,cosine,0.25,0.13888888888888887
rx1_to_rx2,2,1,10,1.0,cosine,0.25,0.12648809523809523
rx1_to_rx2,2,1,20,0.0,cosine,0.875,0.8333333333333334
rx1_to_rx2,2,1,20,0.25,cosine,0.5416666666666666,0.4611111111111111
rx1_to_rx2,2,1,20,0.5,cosine,0.375,0.2486111111111111
rx1_to_rx2,2,1,20,0.75,cosine,0.25,0.14166666666666664
rx1_to_rx2,2,1,20,1.0,cosine,0.25,0.12648809523809523
rx1_to_rx2,2,2,1,0.0,cosine,0.4166666666666667,0.29444444444444445
rx1_to_rx2,2,2,1,0.25,cosine,0.3333333333333333,0.28472222222222215
rx1_to_rx2,2,2,1,0.5,cosine,0.2916666666666667,0.24305555555555555
rx1_to_rx2,2,2,1,0.75,cosine,0.20833333333333334,0.13194444444444445
rx1_to_rx2,2,2,1,1.0,cosine,0.20833333333333334,0.12996031746031744
rx1_to_rx2,2,2,3,0.0,cosine,0.6666666666666666,0.5861111111111111
rx1_to_rx2,2,2,3,0.25,cosine,0.4583333333333333,0.3958333333333333
rx1_to_rx2,2,2,3,0.5,cosine,0.375,0.27638888888888885
rx1_to_rx2,2,2,3,0.75,cosine,0.25,0.1597222222222222
rx1_to_rx2,2,2,3,1.0,cosine,0.20833333333333334,0.12996031746031744
rx1_to_rx2,2,2,5,0.0,cosine,0.5833333333333334,0.5166666666666666
rx1_to_rx2,2,2,5,0.25,cosine,0.5416666666666666,0.45138888888888884
rx1_to_rx2,2,2,5,0.5,cosine,0.375,0.27638888888888885
rx1_to_rx2,2,2,5,0.75,cosine,0.2916666666666667,0.1763888888888889
rx1_to_rx2,2,2,5,1.0,cosine,0.20833333333333334,0.12996031746031744
rx1_to_rx2,2,2,10,0.0,cosine,0.75,0.673611111111111
rx1_to_rx2,2,2,10,0.25,cosine,0.5416666666666666,0.44027777777777777
rx1_to_rx2,2,2,10,0.5,cosine,0.375,0.2513888888888889
rx1_to_rx2,2,2,10,0.75,cosine,0.2916666666666667,0.17638888888888885
rx1_to_rx2,2,2,10,1.0,cosine,0.20833333333333334,0.12996031746031744
rx1_to_rx2,2,2,20,0.0,cosine,0.875,0.8333333333333334
rx1_to_rx2,2,2,20,0.25,cosine,0.6666666666666666,0.5694444444444443
rx1_to_rx2,2,2,20,0.5,cosine,0.375,0.2833333333333333
rx1_to_rx2,2,2,20,0.75,cosine,0.2916666666666667,0.17638888888888885
rx1_to_rx2,2,2,20,1.0,cosine,0.20833333333333334,0.12996031746031744
rx2_to_rx1,0,0,1,0.0,cosine,0.25,0.17361111111111108
rx2_to_rx1,0,0,1,0.25,cosine,0.3333333333333333,0.2916666666666667
rx2_to_rx1,0,0,1,0.5,cosine,0.4166666666666667,0.3638888888888889
rx2_to_rx1,0,0,1,0.75,cosine,0.2916666666666667,0.2202380952380952
rx2_to_rx1,0,0,1,1.0,cosine,0.125,0.10416666666666667
rx2_to_rx1,0,0,3,0.0,cosine,0.4583333333333333,0.375
rx2_to_rx1,0,0,3,0.25,cosine,0.375,0.2986111111111111
rx2_to_rx1,0,0,3,0.5,cosine,0.2916666666666667,0.20833333333333334
rx2_to_rx1,0,0,3,0.75,cosine,0.25,0.19027777777777777
rx2_to_rx1,0,0,3,1.0,cosine,0.125,0.10416666666666667
rx2_to_rx1,0,0,5,0.0,cosine,0.5,0.4305555555555555
rx2_to_rx1,0,0,5,0.25,cosine,0.4166666666666667,0.3541666666666667
rx2_to_rx1,0,0,5,0.5,cosine,0.3333333333333333,0.28472222222222215
rx2_to_rx1,0,0,5,0.75,cosine,0.16666666666666666,0.13194444444444445
rx2_to_rx1,0,0,5,1.0,cosine,0.125,0.10416666666666667
rx2_to_rx1,0,0,10,0.0,cosine,0.5416666666666666,0.4888888888888889
rx2_to_rx1,0,0,10,0.25,cosine,0.4583333333333333,0.40277777777777773
rx2_to_rx1,0,0,10,0.5,cosine,0.375,0.3333333333333333
rx2_to_rx1,0,0,10,0.75,cosine,0.16666666666666666,0.13888888888888887
rx2_to_rx1,0,0,10,1.0,cosine,0.125,0.10416666666666667
rx2_to_rx1,0,0,20,0.0,cosine,0.625,0.5833333333333333
rx2_to_rx1,0,0,20,0.25,cosine,0.5,0.4236111111111111
rx2_to_rx1,0,0,20,0.5,cosine,0.2916666666666667,0.2222222222222222
rx2_to_rx1,0,0,20,0.75,cosine,0.16666666666666666,0.13888888888888887
rx2_to_rx1,0,0,20,1.0,cosine,0.125,0.10416666666666667
rx2_to_rx1,0,1,1,0.0,cosine,0.25,0.19246031746031744
rx2_to_rx1,0,1,1,0.25,cosine,0.2916666666666667,0.21875
rx2_to_rx1,0,1,1,0.5,cosine,0.2916666666666667,0.1994047619047619
rx2_to_rx1,0,1,1,0.75,cosine,0.20833333333333334,0.19444444444444442
rx2_to_rx1,0,1,1,1.0,cosine,0.125,0.10416666666666667
rx2_to_rx1,0,1,3,0.0,cosine,0.4166666666666667,0.3638888888888889
rx2_to_rx1,0,1,3,0.25,cosine,0.4583333333333333,0.37777777777777777
rx2_to_rx1,0,1,3,0.5,cosine,0.4583333333333333,0.35694444444444445
rx2_to_rx1,0,1,3,0.75,cosine,0.20833333333333334,0.18055555555555555
rx2_to_rx1,0,1,3,1.0,cosine,0.125,0.10416666666666667
rx2_to_rx1,0,1,5,0.0,cosine,0.5416666666666666,0.47222222222222215
rx2_to_rx1,0,1,5,0.25,cosine,0.5833333333333334,0.5069444444444444
rx2_to_rx1,0,1,5,0.5,cosine,0.4166666666666667,0.34027777777777773
rx2_to_rx1,0,1,5,0.75,cosine,0.16666666666666666,0.13888888888888887
rx2_to_rx1,0,1,5,1.0,cosine,0.125,0.10416666666666667
rx2_to_rx1,0,1,10,0.0,cosine,0.625,0.5583333333333333
rx2_to_rx1,0,1,10,0.25,cosine,0.7083333333333334,0.625
rx2_to_rx1,0,1,10,0.5,cosine,0.4166666666666667,0.375
rx2_to_rx1,0,1,10,0.75,cosine,0.16666666666666666,0.13888888888888887
rx2_to_rx1,0,1,10,1.0,cosine,0.125,0.10416666666666667
rx2_to_rx1,0,1,20,0.0,cosine,0.6666666666666666,0.5972222222222222
rx2_to_rx1,0,1,20,0.25,cosine,0.5833333333333334,0.5416666666666666
rx2_to_rx1,0,1,20,0.5,cosine,0.4166666666666667,0.3680555555555555
rx2_to_rx1,0,1,20,0.75,cosine,0.16666666666666666,0.13888888888888887
rx2_to_rx1,0,1,20,1.0,cosine,0.125,0.10416666666666667
rx2_to_rx1,0,2,1,0.0,cosine,0.16666666666666666,0.14583333333333334
rx2_to_rx1,0,2,1,0.25,cosine,0.25,0.2111111111111111
rx2_to_rx1,0,2,1,0.5,cosine,0.375,0.3013888888888889
rx2_to_rx1,0,2,1,0.75,cosine,0.3333333333333333,0.25
rx2_to_rx1,0,2,1,1.0,cosine,0.16666666666666666,0.13194444444444445
rx2_to_rx1,0,2,3,0.0,cosine,0.3333333333333333,0.2638888888888889
rx2_to_rx1,0,2,3,0.25,cosine,0.3333333333333333,0.2916666666666667
rx2_to_rx1,0,2,3,0.5,cosine,0.375,0.3333333333333333
rx2_to_rx1,0,2,3,0.75,cosine,0.2916666666666667,0.25
rx2_to_rx1,0,2,3,1.0,cosine,0.16666666666666666,0.13194444444444445
rx2_to_rx1,0,2,5,0.0,cosine,0.5,0.4166666666666667
rx2_to_rx1,0,2,5,0.25,cosine,0.5416666666666666,0.4472222222222222
rx2_to_rx1,0,2,5,0.5,cosine,0.4166666666666667,0.375
rx2_to_rx1,0,2,5,0.75,cosine,0.2916666666666667,0.23611111111111108
rx2_to_rx1,0,2,5,1.0,cosine,0.16666666666666666,0.13194444444444445
rx2_to_rx1,0,2,10,0.0,cosine,0.6666666666666666,0.6041666666666666
rx2_to_rx1,0,2,10,0.25,cosine,0.5,0.43749999999999994
rx2_to_rx1,0,2,10,0.5,cosine,0.4583333333333333,0.38888888888888884
rx2_to_rx1,0,2,10,0.75,cosine,0.25,0.20833333333333334
rx2_to_rx1,0,2,10,1.0,cosine,0.16666666666666666,0.13194444444444445
rx2_to_rx1,0,2,20,0.0,cosine,0.625,0.548611111111111
rx2_to_rx1,0,2,20,0.25,cosine,0.625,0.5722222222222222
rx2_to_rx1,0,2,20,0.5,cosine,0.4166666666666667,0.3638888888888889
rx2_to_rx1,0,2,20,0.75,cosine,0.2916666666666667,0.2341269841269841
rx2_to_rx1,0,2,20,1.0,cosine,0.16666666666666666,0.13194444444444445
rx2_to_rx1,1,0,1,0.0,cosine,0.4166666666666667,0.3055555555555555
rx2_to_rx1,1,0,1,0.25,cosine,0.4583333333333333,0.35694444444444445
rx2_to_rx1,1,0,1,0.5,cosine,0.25,0.20833333333333334
rx2_to_rx1,1,0,1,0.75,cosine,0.125,0.06746031746031746
rx2_to_rx1,1,0,1,1.0,cosine,0.16666666666666666,0.10912698412698413
rx2_to_rx1,1,0,3,0.0,cosine,0.6666666666666666,0.611111111111111
rx2_to_rx1,1,0,3,0.25,cosine,0.5,0.4236111111111111
rx2_to_rx1,1,0,3,0.5,cosine,0.16666666666666666,0.12499999999999999
rx2_to_rx1,1,0,3,0.75,cosine,0.125,0.06746031746031746
rx2_to_rx1,1,0,3,1.0,cosine,0.16666666666666666,0.10912698412698413
rx2_to_rx1,1,0,5,0.0,cosine,0.7916666666666666,0.7430555555555555
rx2_to_rx1,1,0,5,0.25,cosine,0.5833333333333334,0.5027777777777778
rx2_to_rx1,1,0,5,0.5,cosine,0.2916666666666667,0.22916666666666666
rx2_to_rx1,1,0,5,0.75,cosine,0.16666666666666666,0.1111111111111111
rx2_to_rx1,1,0,5,1.0,cosine,0.16666666666666666,0.10912698412698413
rx2_to_rx1,1,0,10,0.0,cosine,0.75,0.6944444444444443
rx2_to_rx1,1,0,10,0.25,cosine,0.6666666666666666,0.5902777777777777
rx2_to_rx1,1,0,10,0.5,cosine,0.2916666666666667,0.20634920634920637
rx2_to_rx1,1,0,10,0.75,cosine,0.16666666666666666,0.10912698412698413
rx2_to_rx1,1,0,10,1.0,cosine,0.16666666666666666,0.10912698412698413
rx2_to_rx1,1,0,20,0.0,cosine,0.75,0.6944444444444443
rx2_to_rx1,1,0,20,0.25,cosine,0.625,0.5555555555555555
rx2_to_rx1,1,0,20,0.5,cosine,0.2916666666666667,0.2222222222222222
rx2_to_rx1,1,0,20,0.75,cosine,0.16666666666666666,0.10912698412698413
rx2_to_rx1,1,0,20,1.0,cosine,0.16666666666666666,0.10912698412698413
rx2_to_rx1,1,1,1,0.0,cosine,0.4583333333333333,0.375
rx2_to_rx1,1,1,1,0.25,cosine,0.375,0.31746031746031744
rx2_to_rx1,1,1,1,0.5,cosine,0.2916666666666667,0.21527777777777776
rx2_to_rx1,1,1,1,0.75,cosine,0.125,0.05833333333333333
rx2_to_rx1,1,1,1,1.0,cosine,0.125,0.060515873015873016
rx2_to_rx1,1,1,3,0.0,cosine,0.5833333333333334,0.5027777777777778
rx2_to_rx1,1,1,3,0.25,cosine,0.625,0.5583333333333332
rx2_to_rx1,1,1,3,0.5,cosine,0.4166666666666667,0.3125
rx2_to_rx1,1,1,3,0.75,cosine,0.125,0.05357142857142857
rx2_to_rx1,1,1,3,1.0,cosine,0.125,0.060515873015873016
rx2_to_rx1,1,1,5,0.0,cosine,0.625,0.5347222222222222
rx2_to_rx1,1,1,5,0.25,cosine,0.5833333333333334,0.4888888888888889
rx2_to_rx1,1,1,5,0.5,cosine,0.375,0.26388888888888884
rx2_to_rx1,1,1,5,0.75,cosine,0.125,0.060515873015873016
rx2_to_rx1,1,1,5,1.0,cosine,0.125,0.060515873015873016
rx2_to_rx1,1,1,10,0.0,cosine,0.875,0.8333333333333334
rx2_to_rx1,1,1,10,0.25,cosine,0.75,0.6875
rx2_to_rx1,1,1,10,0.5,cosine,0.4166666666666667,0.3680555555555555
rx2_to_rx1,1,1,10,0.75,cosine,0.16666666666666666,0.1021825396825397
rx2_to_rx1,1,1,10,1.0,cosine,0.125,0.060515873015873016
rx2_to_rx1,1,1,20,0.0,cosine,0.8333333333333334,0.7777777777777777
rx2_to_rx1,1,1,20,0.25,cosine,0.7083333333333334,0.6319444444444443
rx2_to_rx1,1,1,20,0.5,cosine,0.375,0.30357142857142855
rx2_to_rx1,1,1,20,0.75,cosine,0.125,0.060515873015873016
rx2_to_rx1,1,1,20,1.0,cosine,0.125,0.060515873015873016
rx2_to_rx1,1,2,1,0.0,cosine,0.20833333333333334,0.16666666666666666
rx2_to_rx1,1,2,1,0.25,cosine,0.3333333333333333,0.27777777777777773
rx2_to_rx1,1,2,1,0.5,cosine,0.2916666666666667,0.20833333333333334
rx2_to_rx1,1,2,1,0.75,cosine,0.16666666666666666,0.1111111111111111
rx2_to_rx1,1,2,1,1.0,cosine,0.16666666666666666,0.10912698412698413
rx2_to_rx1,1,2,3,0.0,cosine,0.5833333333333334,0.4888888888888889
rx2_to_rx1,1,2,3,0.25,cosine,0.4166666666666667,0.3680555555555555
rx2_to_rx1,1,2,3,0.5,cosine,0.2916666666666667,0.23611111111111108
rx2_to_rx1,1,2,3,0.75,cosine,0.16666666666666666,0.10912698412698413
rx2_to_rx1,1,2,3,1.0,cosine,0.16666666666666666,0.10912698412698413
rx2_to_rx1,1,2,5,0.0,cosine,0.625,0.548611111111111
rx2_to_rx1,1,2,5,0.25,cosine,0.5,0.4472222222222222
rx2_to_rx1,1,2,5,0.5,cosine,0.375,0.3222222222222222
rx2_to_rx1,1,2,5,0.75,cosine,0.16666666666666666,0.10912698412698413
rx2_to_rx1,1,2,5,1.0,cosine,0.16666666666666666,0.10912698412698413
rx2_to_rx1,1,2,10,0.0,cosine,0.7916666666666666,0.7430555555555555
rx2_to_rx1,1,2,10,0.25,cosine,0.5,0.40972222222222215
rx2_to_rx1,1,2,10,0.5,cosine,0.375,0.3222222222222222
rx2_to_rx1,1,2,10,0.75,cosine,0.16666666666666666,0.10912698412698413
rx2_to_rx1,1,2,10,1.0,cosine,0.16666666666666666,0.10912698412698413
rx2_to_rx1,1,2,20,0.0,cosine,0.875,0.8333333333333334
rx2_to_rx1,1,2,20,0.25,cosine,0.625,0.5166666666666666
rx2_to_rx1,1,2,20,0.5,cosine,0.375,0.3194444444444444
rx2_to_rx1,1,2,20,0.75,cosine,0.16666666666666666,0.10912698412698413
rx2_to_rx1,1,2,20,1.0,cosine,0.16666666666666666,0.10912698412698413
rx2_to_rx1,2,0,1,0.0,cosine,0.3333333333333333,0.24305555555555555
rx2_to_rx1,2,0,1,0.25,cosine,0.375,0.2833333333333333
rx2_to_rx1,2,0,1,0.5,cosine,0.2916666666666667,0.25
rx2_to_rx1,2,0,1,0.75,cosine,0.25,0.16944444444444443
rx2_to_rx1,2,0,1,1.0,cosine,0.08333333333333333,0.041666666666666664
rx2_to_rx1,2,0,3,0.0,cosine,0.4166666666666667,0.3638888888888889
rx2_to_rx1,2,0,3,0.25,cosine,0.4583333333333333,0.3819444444444444
rx2_to_rx1,2,0,3,0.5,cosine,0.3333333333333333,0.25
rx2_to_rx1,2,0,3,0.75,cosine,0.20833333333333334,0.13888888888888887
rx2_to_rx1,2,0,3,1.0,cosine,0.08333333333333333,0.041666666666666664
rx2_to_rx1,2,0,5,0.0,cosine,0.5416666666666666,0.4611111111111111
rx2_to_rx1,2,0,5,0.25,cosine,0.5,0.3986111111111111
rx2_to_rx1,2,0,5,0.5,cosine,0.375,0.2638888888888889
rx2_to_rx1,2,0,5,0.75,cosine,0.20833333333333334,0.13888888888888887
rx2_to_rx1,2,0,5,1.0,cosine,0.08333333333333333,0.041666666666666664
rx2_to_rx1,2,0,10,0.0,cosine,0.7083333333333334,0.6458333333333334
rx2_to_rx1,2,0,10,0.25,cosine,0.625,0.5416666666666666
rx2_to_rx1,2,0,10,0.5,cosine,0.375,0.2708333333333333
rx2_to_rx1,2,0,10,0.75,cosine,0.20833333333333334,0.13888888888888887
rx2_to_rx1,2,0,10,1.0,cosine,0.08333333333333333,0.041666666666666664
rx2_to_rx1,2,0,20,0.0,cosine,0.75,0.6805555555555555
rx2_to_rx1,2,0,20,0.25,cosine,0.5,0.4027777777777777
rx2_to_rx1,2,0,20,0.5,cosine,0.3333333333333333,0.23611111111111108
rx2_to_rx1,2,0,20,0.75,cosine,0.25,0.18055555555555555
rx2_to_rx1,2,0,20,1.0,cosine,0.08333333333333333,0.041666666666666664
rx2_to_rx1,2,1,1,0.0,cosine,0.25,0.19722222222222222
rx2_to_rx1,2,1,1,0.25,cosine,0.25,0.1716269841269841
rx2_to_rx1,2,1,1,0.5,cosine,0.20833333333333334,0.12996031746031744
rx2_to_rx1,2,1,1,0.75,cosine,0.16666666666666666,0.09999999999999999
rx2_to_rx1,2,1,1,1.0,cosine,0.08333333333333333,0.048611111111111105
rx2_to_rx1,2,1,3,0.0,cosine,0.5,0.4472222222222222
rx2_to_rx1,2,1,3,0.25,cosine,0.4583333333333333,0.3958333333333333
rx2_to_rx1,2,1,3,0.5,cosine,0.4166666666666667,0.3125
rx2_to_rx1,2,1,3,0.75,cosine,0.20833333333333334,0.13194444444444445
rx2_to_rx1,2,1,3,1.0,cosine,0.08333333333333333,0.048611111111111105
rx2_to_rx1,2,1,5,0.0,cosine,0.5833333333333334,0.4749999999999999
rx2_to_rx1,2,1,5,0.25,cosine,0.5416666666666666,0.423611111111111
rx2_to_rx1,2,1,5,0.5,cosine,0.4166666666666667,0.3194444444444445
rx2_to_rx1,2,1,5,0.75,cosine,0.20833333333333334,0.13888888888888887
rx2_to_rx1,2,1,5,1.0,cosine,0.08333333333333333,0.048611111111111105
rx2_to_rx1,2,1,10,0.0,cosine,0.7083333333333334,0.625
rx2_to_rx1,2,1,10,0.25,cosine,0.6666666666666666,0.6041666666666666
rx2_to_rx1,2,1,10,0.5,cosine,0.4583333333333333,0.3638888888888889
rx2_to_rx1,2,1,10,0.75,cosine,0.125,0.06944444444444443
rx2_to_rx1,2,1,10,1.0,cosine,0.08333333333333333,0.048611111111111105
rx2_to_rx1,2,1,20,0.0,cosine,0.7083333333333334,0.6249999999999999
rx2_to_rx1,2,1,20,0.25,cosine,0.625,0.548611111111111
rx2_to_rx1,2,1,20,0.5,cosine,0.4166666666666667,0.3194444444444444
rx2_to_rx1,2,1,20,0.75,cosine,0.25,0.16666666666666666
rx2_to_rx1,2,1,20,1.0,cosine,0.08333333333333333,0.048611111111111105
rx2_to_rx1,2,2,1,0.0,cosine,0.375,0.29444444444444445
rx2_to_rx1,2,2,1,0.25,cosine,0.375,0.29444444444444445
rx2_to_rx1,2,2,1,0.5,cosine,0.2916666666666667,0.23611111111111108
rx2_to_rx1,2,2,1,0.75,cosine,0.16666666666666666,0.1111111111111111
rx2_to_rx1,2,2,1,1.0,cosine,0.125,0.0625
rx2_to_rx1,2,2,3,0.0,cosine,0.5833333333333334,0.4930555555555555
rx2_to_rx1,2,2,3,0.25,cosine,0.625,0.5625
rx2_to_rx1,2,2,3,0.5,cosine,0.375,0.3055555555555555
rx2_to_rx1,2,2,3,0.75,cosine,0.25,0.18055555555555555
rx2_to_rx1,2,2,3,1.0,cosine,0.125,0.0625
rx2_to_rx1,2,2,5,0.0,cosine,0.625,0.5694444444444444
rx2_to_rx1,2,2,5,0.25,cosine,0.5833333333333334,0.5416666666666666
rx2_to_rx1,2,2,5,0.5,cosine,0.4583333333333333,0.37777777777777777
rx2_to_rx1,2,2,5,0.75,cosine,0.16666666666666666,0.1111111111111111
rx2_to_rx1,2,2,5,1.0,cosine,0.125,0.0625
rx2_to_rx1,2,2,10,0.0,cosine,0.75,0.6833333333333332
rx2_to_rx1,2,2,10,0.25,cosine,0.6666666666666666,0.5902777777777777
rx2_to_rx1,2,2,10,0.5,cosine,0.4583333333333333,0.3638888888888889
rx2_to_rx1,2,2,10,0.75,cosine,0.16666666666666666,0.1111111111111111
rx2_to_rx1,2,2,10,1.0,cosine,0.125,0.0625
rx2_to_rx1,2,2,20,0.0,cosine,0.7083333333333334,0.625
rx2_to_rx1,2,2,20,0.25,cosine,0.75,0.6666666666666666
rx2_to_rx1,2,2,20,0.5,cosine,0.4583333333333333,0.3638888888888889
rx2_to_rx1,2,2,20,0.75,cosine,0.25,0.18055555555555555
rx2_to_rx1,2,2,20,1.0,cosine,0.125,0.0625
