method,calibration_mode,trainable_params,direction,seed,split_seed,shot_k,init,file_acc,macro_f1
feat_mean_shift_source_classifier,unlabeled_target,head frozen (source),rx1_to_rx2,0,0,0,source,0.2916666666666667,0.2111111111111111
feat_mean_shift_source_prototype,unlabeled_target,none (prototype),rx1_to_rx2,0,0,0,source,0.125,0.08333333333333333
feat_coral_source_classifier,unlabeled_target,head frozen (source),rx1_to_rx2,0,0,0,source,0.25,0.17361111111111108
feat_coral_source_prototype,unlabeled_target,none (prototype),rx1_to_rx2,0,0,0,source,0.08333333333333333,0.05555555555555555
linear_probe_kshot,k_shot_labeled,logistic head,rx1_to_rx2,0,0,1,n/a,0.3333333333333333,0.22996031746031745
head_finetune_kshot,k_shot_labeled,linear head,rx1_to_rx2,0,0,1,source,0.2916666666666667,0.20069444444444443
head_finetune_kshot,k_shot_labeled,linear head,rx1_to_rx2,0,0,1,random,0.2916666666666667,0.20069444444444443
linear_probe_kshot,k_shot_labeled,logistic head,rx1_to_rx2,0,0,5,n/a,0.375,0.27579365079365076
head_finetune_kshot,k_shot_labeled,linear head,rx1_to_rx2,0,0,5,source,0.4166666666666667,0.3009259259259259
head_finetune_kshot,k_shot_labeled,linear head,rx1_to_rx2,0,0,5,random,0.4166666666666667,0.3277777777777778
linear_probe_kshot,k_shot_labeled,logistic head,rx1_to_rx2,0,0,10,n/a,0.7083333333333334,0.625
head_finetune_kshot,k_shot_labeled,linear head,rx1_to_rx2,0,0,10,source,0.5416666666666666,0.4583333333333333
head_finetune_kshot,k_shot_labeled,linear head,rx1_to_rx2,0,0,10,random,0.5,0.4305555555555555
feat_mean_shift_source_classifier,unlabeled_target,head frozen (source),rx1_to_rx2,0,1,0,source,0.25,0.19722222222222222
feat_mean_shift_source_prototype,unlabeled_target,none (prototype),rx1_to_rx2,0,1,0,source,0.041666666666666664,0.027777777777777776
feat_coral_source_classifier,unlabeled_target,head frozen (source),rx1_to_rx2,0,1,0,source,0.2916666666666667,0.19444444444444442
feat_coral_source_prototype,unlabeled_target,none (prototype),rx1_to_rx2,0,1,0,source,0.041666666666666664,0.027777777777777776
linear_probe_kshot,k_shot_labeled,logistic head,rx1_to_rx2,0,1,1,n/a,0.20833333333333334,0.12638888888888888
head_finetune_kshot,k_shot_labeled,linear head,rx1_to_rx2,0,1,1,source,0.20833333333333334,0.10555555555555556
head_finetune_kshot,k_shot_labeled,linear head,rx1_to_rx2,0,1,1,random,0.25,0.1534090909090909
linear_probe_kshot,k_shot_labeled,logistic head,rx1_to_rx2,0,1,5,n/a,0.4166666666666667,0.32638888888888884
head_finetune_kshot,k_shot_labeled,linear head,rx1_to_rx2,0,1,5,source,0.3333333333333333,0.2507936507936508
head_finetune_kshot,k_shot_labeled,linear head,rx1_to_rx2,0,1,5,random,0.25,0.16746031746031745
linear_probe_kshot,k_shot_labeled,logistic head,rx1_to_rx2,0,1,10,n/a,0.4583333333333333,0.3958333333333333
head_finetune_kshot,k_shot_labeled,linear head,rx1_to_rx2,0,1,10,source,0.4583333333333333,0.3638888888888889
head_finetune_kshot,k_shot_labeled,linear head,rx1_to_rx2,0,1,10,random,0.4583333333333333,0.375
feat_mean_shift_source_classifier,unlabeled_target,head frozen (source),rx1_to_rx2,0,2,0,source,0.20833333333333334,0.15555555555555556
feat_mean_shift_source_prototype,unlabeled_target,none (prototype),rx1_to_rx2,0,2,0,source,0.041666666666666664,0.027777777777777776
feat_coral_source_classifier,unlabeled_target,head frozen (source),rx1_to_rx2,0,2,0,source,0.20833333333333334,0.15277777777777776
feat_coral_source_prototype,unlabeled_target,none (prototype),rx1_to_rx2,0,2,0,source,0.08333333333333333,0.05555555555555555
linear_probe_kshot,k_shot_labeled,logistic head,rx1_to_rx2,0,2,1,n/a,0.25,0.16527777777777777
head_finetune_kshot,k_shot_labeled,linear head,rx1_to_rx2,0,2,1,source,0.25,0.1763888888888889
head_finetune_kshot,k_shot_labeled,linear head,rx1_to_rx2,0,2,1,random,0.25,0.1763888888888889
linear_probe_kshot,k_shot_labeled,logistic head,rx1_to_rx2,0,2,5,n/a,0.5833333333333334,0.4861111111111111
head_finetune_kshot,k_shot_labeled,linear head,rx1_to_rx2,0,2,5,source,0.4583333333333333,0.3638888888888889
head_finetune_kshot,k_shot_labeled,linear head,rx1_to_rx2,0,2,5,random,0.3333333333333333,0.25277777777777777
linear_probe_kshot,k_shot_labeled,logistic head,rx1_to_rx2,0,2,10,n/a,0.625,0.5236111111111111
head_finetune_kshot,k_shot_labeled,linear head,rx1_to_rx2,0,2,10,source,0.5833333333333334,0.4888888888888889
head_finetune_kshot,k_shot_labeled,linear head,rx1_to_rx2,0,2,10,random,0.5833333333333334,0.48194444444444445
feat_mean_shift_source_classifier,unlabeled_target,head frozen (source),rx1_to_rx2,1,0,0,source,0.16666666666666666,0.13194444444444445
feat_mean_shift_source_prototype,unlabeled_target,none (prototype),rx1_to_rx2,1,0,0,source,0.20833333333333334,0.1597222222222222
feat_coral_source_classifier,unlabeled_target,head frozen (source),rx1_to_rx2,1,0,0,source,0.125,0.08333333333333333
feat_coral_source_prototype,unlabeled_target,none (prototype),rx1_to_rx2,1,0,0,source,0.125,0.08333333333333333
linear_probe_kshot,k_shot_labeled,logistic head,rx1_to_rx2,1,0,1,n/a,0.4583333333333333,0.38888888888888884
head_finetune_kshot,k_shot_labeled,linear head,rx1_to_rx2,1,0,1,source,0.4166666666666667,0.34722222222222215
head_finetune_kshot,k_shot_labeled,linear head,rx1_to_rx2,1,0,1,random,0.4166666666666667,0.3611111111111111
linear_probe_kshot,k_shot_labeled,logistic head,rx1_to_rx2,1,0,5,n/a,0.5416666666666666,0.4222222222222222
head_finetune_kshot,k_shot_labeled,linear head,rx1_to_rx2,1,0,5,source,0.5,0.37777777777777777
head_finetune_kshot,k_shot_labeled,linear head,rx1_to_rx2,1,0,5,random,0.5,0.3819444444444444
linear_probe_kshot,k_shot_labeled,logistic head,rx1_to_rx2,1,0,10,n/a,0.5833333333333334,0.5
head_finetune_kshot,k_shot_labeled,linear head,rx1_to_rx2,1,0,10,source,0.5833333333333334,0.5208333333333334
head_finetune_kshot,k_shot_labeled,linear head,rx1_to_rx2,1,0,10,random,0.5416666666666666,0.45138888888888884
feat_mean_shift_source_classifier,unlabeled_target,head frozen (source),rx1_to_rx2,1,1,0,source,0.16666666666666666,0.13194444444444445
feat_mean_shift_source_prototype,unlabeled_target,none (prototype),rx1_to_rx2,1,1,0,source,0.16666666666666666,0.13888888888888887
feat_coral_source_classifier,unlabeled_target,head frozen (source),rx1_to_rx2,1,1,0,source,0.16666666666666666,0.125
feat_coral_source_prototype,unlabeled_target,none (prototype),rx1_to_rx2,1,1,0,source,0.08333333333333333,0.05555555555555555
linear_probe_kshot,k_shot_labeled,logistic head,rx1_to_rx2,1,1,1,n/a,0.25,0.1875
head_finetune_kshot,k_shot_labeled,linear head,rx1_to_rx2,1,1,1,source,0.2916666666666667,0.2638888888888889
head_finetune_kshot,k_shot_labeled,linear head,rx1_to_rx2,1,1,1,random,0.25,0.23611111111111108
linear_probe_kshot,k_shot_labeled,logistic head,rx1_to_rx2,1,1,5,n/a,0.5416666666666666,0.4444444444444444
head_finetune_kshot,k_shot_labeled,linear head,rx1_to_rx2,1,1,5,source,0.5416666666666666,0.45138888888888884
head_finetune_kshot,k_shot_labeled,linear head,rx1_to_rx2,1,1,5,random,0.5833333333333334,0.5
linear_probe_kshot,k_shot_labeled,logistic head,rx1_to_rx2,1,1,10,n/a,0.7083333333333334,0.625
head_finetune_kshot,k_shot_labeled,linear head,rx1_to_rx2,1,1,10,source,0.6666666666666666,0.6208333333333333
head_finetune_kshot,k_shot_labeled,linear head,rx1_to_rx2,1,1,10,random,0.7083333333333334,0.6666666666666666
feat_mean_shift_source_classifier,unlabeled_target,head frozen (source),rx1_to_rx2,1,2,0,source,0.16666666666666666,0.13194444444444445
feat_mean_shift_source_prototype,unlabeled_target,none (prototype),rx1_to_rx2,1,2,0,source,0.16666666666666666,0.13888888888888887
feat_coral_source_classifier,unlabeled_target,head frozen (source),rx1_to_rx2,1,2,0,source,0.125,0.09722222222222221
feat_coral_source_prototype,unlabeled_target,none (prototype),rx1_to_rx2,1,2,0,source,0.125,0.08333333333333333
linear_probe_kshot,k_shot_labeled,logistic head,rx1_to_rx2,1,2,1,n/a,0.3333333333333333,0.21805555555555553
head_finetune_kshot,k_shot_labeled,linear head,rx1_to_rx2,1,2,1,source,0.20833333333333334,0.13472222222222222
head_finetune_kshot,k_shot_labeled,linear head,rx1_to_rx2,1,2,1,random,0.25,0.15555555555555553
linear_probe_kshot,k_shot_labeled,logistic head,rx1_to_rx2,1,2,5,n/a,0.5,0.38888888888888884
head_finetune_kshot,k_shot_labeled,linear head,rx1_to_rx2,1,2,5,source,0.4166666666666667,0.3194444444444444
head_finetune_kshot,k_shot_labeled,linear head,rx1_to_rx2,1,2,5,random,0.4166666666666667,0.31249999999999994
linear_probe_kshot,k_shot_labeled,logistic head,rx1_to_rx2,1,2,10,n/a,0.625,0.5416666666666666
head_finetune_kshot,k_shot_labeled,linear head,rx1_to_rx2,1,2,10,source,0.625,0.5277777777777777
head_finetune_kshot,k_shot_labeled,linear head,rx1_to_rx2,1,2,10,random,0.5833333333333334,0.4930555555555555
feat_mean_shift_source_classifier,unlabeled_target,head frozen (source),rx1_to_rx2,2,0,0,source,0.25,0.1486111111111111
feat_mean_shift_source_prototype,unlabeled_target,none (prototype),rx1_to_rx2,2,0,0,source,0.20833333333333334,0.12777777777777777
feat_coral_source_classifier,unlabeled_target,head frozen (source),rx1_to_rx2,2,0,0,source,0.16666666666666666,0.09027777777777778
feat_coral_source_prototype,unlabeled_target,none (prototype),rx1_to_rx2,2,0,0,source,0.20833333333333334,0.1284722222222222
linear_probe_kshot,k_shot_labeled,logistic head,rx1_to_rx2,2,0,1,n/a,0.4583333333333333,0.3499999999999999
head_finetune_kshot,k_shot_labeled,linear head,rx1_to_rx2,2,0,1,source,0.5,0.3847222222222222
head_finetune_kshot,k_shot_labeled,linear head,rx1_to_rx2,2,0,1,random,0.4583333333333333,0.3680555555555555
linear_probe_kshot,k_shot_labeled,logistic head,rx1_to_rx2,2,0,5,n/a,0.7083333333333334,0.6527777777777778
head_finetune_kshot,k_shot_labeled,linear head,rx1_to_rx2,2,0,5,source,0.7083333333333334,0.6416666666666667
head_finetune_kshot,k_shot_labeled,linear head,rx1_to_rx2,2,0,5,random,0.7083333333333334,0.6527777777777778
linear_probe_kshot,k_shot_labeled,logistic head,rx1_to_rx2,2,0,10,n/a,0.8333333333333334,0.7847222222222222
head_finetune_kshot,k_shot_labeled,linear head,rx1_to_rx2,2,0,10,source,0.8333333333333334,0.7944444444444444
head_finetune_kshot,k_shot_labeled,linear head,rx1_to_rx2,2,0,10,random,0.75,0.7083333333333334
feat_mean_shift_source_classifier,unlabeled_target,head frozen (source),rx1_to_rx2,2,1,0,source,0.25,0.15277777777777776
feat_mean_shift_source_prototype,unlabeled_target,none (prototype),rx1_to_rx2,2,1,0,source,0.16666666666666666,0.08829365079365077
feat_coral_source_classifier,unlabeled_target,head frozen (source),rx1_to_rx2,2,1,0,source,0.20833333333333334,0.10277777777777779
feat_coral_source_prototype,unlabeled_target,none (prototype),rx1_to_rx2,2,1,0,source,0.20833333333333334,0.11458333333333331
linear_probe_kshot,k_shot_labeled,logistic head,rx1_to_rx2,2,1,1,n/a,0.5,0.41250000000000003
head_finetune_kshot,k_shot_labeled,linear head,rx1_to_rx2,2,1,1,source,0.4583333333333333,0.3688492063492063
head_finetune_kshot,k_shot_labeled,linear head,rx1_to_rx2,2,1,1,random,0.375,0.28134920634920635
linear_probe_kshot,k_shot_labeled,logistic head,rx1_to_rx2,2,1,5,n/a,0.7916666666666666,0.7430555555555555
head_finetune_kshot,k_shot_labeled,linear head,rx1_to_rx2,2,1,5,source,0.7083333333333334,0.6319444444444443
head_finetune_kshot,k_shot_labeled,linear head,rx1_to_rx2,2,1,5,random,0.625,0.5513888888888889
linear_probe_kshot,k_shot_labeled,logistic head,rx1_to_rx2,2,1,10,n/a,0.9166666666666666,0.8888888888888888
head_finetune_kshot,k_shot_labeled,linear head,rx1_to_rx2,2,1,10,source,0.875,0.8333333333333334
head_finetune_kshot,k_shot_labeled,linear head,rx1_to_rx2,2,1,10,random,0.8333333333333334,0.7777777777777777
feat_mean_shift_source_classifier,unlabeled_target,head frozen (source),rx1_to_rx2,2,2,0,source,0.20833333333333334,0.125
feat_mean_shift_source_prototype,unlabeled_target,none (prototype),rx1_to_rx2,2,2,0,source,0.16666666666666666,0.10416666666666667
feat_coral_source_classifier,unlabeled_target,head frozen (source),rx1_to_rx2,2,2,0,source,0.20833333333333334,0.10416666666666667
feat_coral_source_prototype,unlabeled_target,none (prototype),rx1_to_rx2,2,2,0,source,0.16666666666666666,0.10069444444444443
linear_probe_kshot,k_shot_labeled,logistic head,rx1_to_rx2,2,2,1,n/a,0.4166666666666667,0.3361111111111111
head_finetune_kshot,k_shot_labeled,linear head,rx1_to_rx2,2,2,1,source,0.375,0.2986111111111111
head_finetune_kshot,k_shot_labeled,linear head,rx1_to_rx2,2,2,1,random,0.4166666666666667,0.3611111111111111
linear_probe_kshot,k_shot_labeled,logistic head,rx1_to_rx2,2,2,5,n/a,0.7083333333333334,0.6458333333333333
head_finetune_kshot,k_shot_labeled,linear head,rx1_to_rx2,2,2,5,source,0.6666666666666666,0.5902777777777778
head_finetune_kshot,k_shot_labeled,linear head,rx1_to_rx2,2,2,5,random,0.7083333333333334,0.6388888888888888
linear_probe_kshot,k_shot_labeled,logistic head,rx1_to_rx2,2,2,10,n/a,0.7916666666666666,0.736111111111111
head_finetune_kshot,k_shot_labeled,linear head,rx1_to_rx2,2,2,10,source,0.75,0.6944444444444443
head_finetune_kshot,k_shot_labeled,linear head,rx1_to_rx2,2,2,10,random,0.7083333333333334,0.6458333333333333
feat_mean_shift_source_classifier,unlabeled_target,head frozen (source),rx2_to_rx1,0,0,0,source,0.2916666666666667,0.2638888888888889
feat_mean_shift_source_prototype,unlabeled_target,none (prototype),rx2_to_rx1,0,0,0,source,0.125,0.10416666666666667
feat_coral_source_classifier,unlabeled_target,head frozen (source),rx2_to_rx1,0,0,0,source,0.4583333333333333,0.3430555555555555
feat_coral_source_prototype,unlabeled_target,none (prototype),rx2_to_rx1,0,0,0,source,0.125,0.10416666666666667
linear_probe_kshot,k_shot_labeled,logistic head,rx2_to_rx1,0,0,1,n/a,0.25,0.1875
head_finetune_kshot,k_shot_labeled,linear head,rx2_to_rx1,0,0,1,source,0.25,0.20833333333333334
head_finetune_kshot,k_shot_labeled,linear head,rx2_to_rx1,0,0,1,random,0.2916666666666667,0.23194444444444443
linear_probe_kshot,k_shot_labeled,logistic head,rx2_to_rx1,0,0,5,n/a,0.5416666666666666,0.46527777777777773
head_finetune_kshot,k_shot_labeled,linear head,rx2_to_rx1,0,0,5,source,0.5416666666666666,0.4611111111111111
head_finetune_kshot,k_shot_labeled,linear head,rx2_to_rx1,0,0,5,random,0.5416666666666666,0.4472222222222222
linear_probe_kshot,k_shot_labeled,logistic head,rx2_to_rx1,0,0,10,n/a,0.5416666666666666,0.4702380952380952
head_finetune_kshot,k_shot_labeled,linear head,rx2_to_rx1,0,0,10,source,0.5833333333333334,0.5243055555555555
head_finetune_kshot,k_shot_labeled,linear head,rx2_to_rx1,0,0,10,random,0.5416666666666666,0.498015873015873
feat_mean_shift_source_classifier,unlabeled_target,head frozen (source),rx2_to_rx1,0,1,0,source,0.25,0.2222222222222222
feat_mean_shift_source_prototype,unlabeled_target,none (prototype),rx2_to_rx1,0,1,0,source,0.125,0.10416666666666667
feat_coral_source_classifier,unlabeled_target,head frozen (source),rx2_to_rx1,0,1,0,source,0.4166666666666667,0.3452380952380952
feat_coral_source_prototype,unlabeled_target,none (prototype),rx2_to_rx1,0,1,0,source,0.20833333333333334,0.17361111111111108
linear_probe_kshot,k_shot_labeled,logistic head,rx2_to_rx1,0,1,1,n/a,0.2916666666666667,0.2222222222222222
head_finetune_kshot,k_shot_labeled,linear head,rx2_to_rx1,0,1,1,source,0.20833333333333334,0.14930555555555555
head_finetune_kshot,k_shot_labeled,linear head,rx2_to_rx1,0,1,1,random,0.25,0.1909722222222222
linear_probe_kshot,k_shot_labeled,logistic head,rx2_to_rx1,0,1,5,n/a,0.4166666666666667,0.32916666666666666
head_finetune_kshot,k_shot_labeled,linear head,rx2_to_rx1,0,1,5,source,0.375,0.2847222222222222
head_finetune_kshot,k_shot_labeled,linear head,rx2_to_rx1,0,1,5,random,0.3333333333333333,0.23194444444444443
linear_probe_kshot,k_shot_labeled,logistic head,rx2_to_rx1,0,1,10,n/a,0.625,0.5305555555555556
head_finetune_kshot,k_shot_labeled,linear head,rx2_to_rx1,0,1,10,source,0.5833333333333334,0.5
head_finetune_kshot,k_shot_labeled,linear head,rx2_to_rx1,0,1,10,random,0.5833333333333334,0.5
feat_mean_shift_source_classifier,unlabeled_target,head frozen (source),rx2_to_rx1,0,2,0,source,0.375,0.3333333333333333
feat_mean_shift_source_prototype,unlabeled_target,none (prototype),rx2_to_rx1,0,2,0,source,0.20833333333333334,0.17361111111111108
feat_coral_source_classifier,unlabeled_target,head frozen (source),rx2_to_rx1,0,2,0,source,0.5,0.42162698412698413
feat_coral_source_prototype,unlabeled_target,none (prototype),rx2_to_rx1,0,2,0,source,0.20833333333333334,0.17361111111111108
linear_probe_kshot,k_shot_labeled,logistic head,rx2_to_rx1,0,2,1,n/a,0.125,0.06944444444444443
head_finetune_kshot,k_shot_labeled,linear head,rx2_to_rx1,0,2,1,source,0.20833333333333334,0.13472222222222222
head_finetune_kshot,k_shot_labeled,linear head,rx2_to_rx1,0,2,1,random,0.16666666666666666,0.125
linear_probe_kshot,k_shot_labeled,logistic head,rx2_to_rx1,0,2,5,n/a,0.4583333333333333,0.3638888888888889
head_finetune_kshot,k_shot_labeled,linear head,rx2_to_rx1,0,2,5,source,0.4583333333333333,0.33829365079365076
head_finetune_kshot,k_shot_labeled,linear head,rx2_to_rx1,0,2,5,random,0.5,0.39384920634920634
linear_probe_kshot,k_shot_labeled,logistic head,rx2_to_rx1,0,2,10,n/a,0.5833333333333334,0.5
head_finetune_kshot,k_shot_labeled,linear head,rx2_to_rx1,0,2,10,source,0.5416666666666666,0.4680555555555555
head_finetune_kshot,k_shot_labeled,linear head,rx2_to_rx1,0,2,10,random,0.5416666666666666,0.4680555555555555
feat_mean_shift_source_classifier,unlabeled_target,head frozen (source),rx2_to_rx1,1,0,0,source,0.16666666666666666,0.10912698412698411
feat_mean_shift_source_prototype,unlabeled_target,none (prototype),rx2_to_rx1,1,0,0,source,0.16666666666666666,0.10912698412698413
feat_coral_source_classifier,unlabeled_target,head frozen (source),rx2_to_rx1,1,0,0,source,0.16666666666666666,0.09523809523809523
feat_coral_source_prototype,unlabeled_target,none (prototype),rx2_to_rx1,1,0,0,source,0.16666666666666666,0.10912698412698413
linear_probe_kshot,k_shot_labeled,logistic head,rx2_to_rx1,1,0,1,n/a,0.4583333333333333,0.3680555555555555
head_finetune_kshot,k_shot_labeled,linear head,rx2_to_rx1,1,0,1,source,0.2916666666666667,0.2222222222222222
head_finetune_kshot,k_shot_labeled,linear head,rx2_to_rx1,1,0,1,random,0.4166666666666667,0.34027777777777773
linear_probe_kshot,k_shot_labeled,logistic head,rx2_to_rx1,1,0,5,n/a,0.75,0.6833333333333332
head_finetune_kshot,k_shot_labeled,linear head,rx2_to_rx1,1,0,5,source,0.625,0.5444444444444444
head_finetune_kshot,k_shot_labeled,linear head,rx2_to_rx1,1,0,5,random,0.5833333333333334,0.5
linear_probe_kshot,k_shot_labeled,logistic head,rx2_to_rx1,1,0,10,n/a,0.625,0.5277777777777778
head_finetune_kshot,k_shot_labeled,linear head,rx2_to_rx1,1,0,10,source,0.625,0.5347222222222222
head_finetune_kshot,k_shot_labeled,linear head,rx2_to_rx1,1,0,10,random,0.6666666666666666,0.5833333333333333
feat_mean_shift_source_classifier,unlabeled_target,head frozen (source),rx2_to_rx1,1,1,0,source,0.125,0.06746031746031746
feat_mean_shift_source_prototype,unlabeled_target,none (prototype),rx2_to_rx1,1,1,0,source,0.125,0.060515873015873016
feat_coral_source_classifier,unlabeled_target,head frozen (source),rx2_to_rx1,1,1,0,source,0.25,0.19246031746031744
feat_coral_source_prototype,unlabeled_target,none (prototype),rx2_to_rx1,1,1,0,source,0.125,0.060515873015873016
linear_probe_kshot,k_shot_labeled,logistic head,rx2_to_rx1,1,1,1,n/a,0.4583333333333333,0.3958333333333333
head_finetune_kshot,k_shot_labeled,linear head,rx2_to_rx1,1,1,1,source,0.5416666666666666,0.44940476190476186
head_finetune_kshot,k_shot_labeled,linear head,rx2_to_rx1,1,1,1,random,0.4166666666666667,0.2986111111111111
linear_probe_kshot,k_shot_labeled,logistic head,rx2_to_rx1,1,1,5,n/a,0.75,0.673611111111111
head_finetune_kshot,k_shot_labeled,linear head,rx2_to_rx1,1,1,5,source,0.7083333333333334,0.6319444444444444
head_finetune_kshot,k_shot_labeled,linear head,rx2_to_rx1,1,1,5,random,0.625,0.5444444444444444
linear_probe_kshot,k_shot_labeled,logistic head,rx2_to_rx1,1,1,10,n/a,0.7083333333333334,0.6388888888888888
head_finetune_kshot,k_shot_labeled,linear head,rx2_to_rx1,1,1,10,source,0.625,0.5347222222222222
head_finetune_kshot,k_shot_labeled,linear head,rx2_to_rx1,1,1,10,random,0.6666666666666666,0.5625
feat_mean_shift_source_classifier,unlabeled_target,head frozen (source),rx2_to_rx1,1,2,0,source,0.125,0.06746031746031746
feat_mean_shift_source_prototype,unlabeled_target,none (prototype),rx2_to_rx1,1,2,0,source,0.16666666666666666,0.10912698412698413
feat_coral_source_classifier,unlabeled_target,head frozen (source),rx2_to_rx1,1,2,0,source,0.25,0.19246031746031747
feat_coral_source_prototype,unlabeled_target,none (prototype),rx2_to_rx1,1,2,0,source,0.16666666666666666,0.10912698412698413
linear_probe_kshot,k_shot_labeled,logistic head,rx2_to_rx1,1,2,1,n/a,0.25,0.16666666666666666
head_finetune_kshot,k_shot_labeled,linear head,rx2_to_rx1,1,2,1,source,0.20833333333333334,0.11805555555555557
head_finetune_kshot,k_shot_labeled,linear head,rx2_to_rx1,1,2,1,random,0.20833333333333334,0.12777777777777777
linear_probe_kshot,k_shot_labeled,logistic head,rx2_to_rx1,1,2,5,n/a,0.625,0.5444444444444444
head_finetune_kshot,k_shot_labeled,linear head,rx2_to_rx1,1,2,5,source,0.5833333333333334,0.4930555555555555
head_finetune_kshot,k_shot_labeled,linear head,rx2_to_rx1,1,2,5,random,0.625,0.5375
linear_probe_kshot,k_shot_labeled,logistic head,rx2_to_rx1,1,2,10,n/a,0.7083333333333334,0.625
head_finetune_kshot,k_shot_labeled,linear head,rx2_to_rx1,1,2,10,source,0.7916666666666666,0.7291666666666666
head_finetune_kshot,k_shot_labeled,linear head,rx2_to_rx1,1,2,10,random,0.7083333333333334,0.6319444444444444
feat_mean_shift_source_classifier,unlabeled_target,head frozen (source),rx2_to_rx1,2,0,0,source,0.08333333333333333,0.048611111111111105
feat_mean_shift_source_prototype,unlabeled_target,none (prototype),rx2_to_rx1,2,0,0,source,0.08333333333333333,0.041666666666666664
feat_coral_source_classifier,unlabeled_target,head frozen (source),rx2_to_rx1,2,0,0,source,0.20833333333333334,0.15277777777777776
feat_coral_source_prototype,unlabeled_target,none (prototype),rx2_to_rx1,2,0,0,source,0.125,0.08333333333333333
linear_probe_kshot,k_shot_labeled,logistic head,rx2_to_rx1,2,0,1,n/a,0.3333333333333333,0.24305555555555555
head_finetune_kshot,k_shot_labeled,linear head,rx2_to_rx1,2,0,1,source,0.2916666666666667,0.21805555555555553
head_finetune_kshot,k_shot_labeled,linear head,rx2_to_rx1,2,0,1,random,0.375,0.28472222222222215
linear_probe_kshot,k_shot_labeled,logistic head,rx2_to_rx1,2,0,5,n/a,0.625,0.5277777777777778
head_finetune_kshot,k_shot_labeled,linear head,rx2_to_rx1,2,0,5,source,0.4166666666666667,0.3125
head_finetune_kshot,k_shot_labeled,linear head,rx2_to_rx1,2,0,5,random,0.4166666666666667,0.31527777777777777
linear_probe_kshot,k_shot_labeled,logistic head,rx2_to_rx1,2,0,10,n/a,0.7083333333333334,0.6180555555555555
head_finetune_kshot,k_shot_labeled,linear head,rx2_to_rx1,2,0,10,source,0.6666666666666666,0.5861111111111111
head_finetune_kshot,k_shot_labeled,linear head,rx2_to_rx1,2,0,10,random,0.6666666666666666,0.5722222222222222
feat_mean_shift_source_classifier,unlabeled_target,head frozen (source),rx2_to_rx1,2,1,0,source,0.041666666666666664,0.020833333333333332
feat_mean_shift_source_prototype,unlabeled_target,none (prototype),rx2_to_rx1,2,1,0,source,0.125,0.06944444444444443
feat_coral_source_classifier,unlabeled_target,head frozen (source),rx2_to_rx1,2,1,0,source,0.25,0.16944444444444443
feat_coral_source_prototype,unlabeled_target,none (prototype),rx2_to_rx1,2,1,0,source,0.125,0.06944444444444443
linear_probe_kshot,k_shot_labeled,logistic head,rx2_to_rx1,2,1,1,n/a,0.25,0.19722222222222222
head_finetune_kshot,k_shot_labeled,linear head,rx2_to_rx1,2,1,1,source,0.20833333333333334,0.12996031746031744
head_finetune_kshot,k_shot_labeled,linear head,rx2_to_rx1,2,1,1,random,0.25,0.1875
linear_probe_kshot,k_shot_labeled,logistic head,rx2_to_rx1,2,1,5,n/a,0.6666666666666666,0.5625
head_finetune_kshot,k_shot_labeled,linear head,rx2_to_rx1,2,1,5,source,0.5833333333333334,0.4611111111111111
head_finetune_kshot,k_shot_labeled,linear head,rx2_to_rx1,2,1,5,random,0.5416666666666666,0.4361111111111111
linear_probe_kshot,k_shot_labeled,logistic head,rx2_to_rx1,2,1,10,n/a,0.5416666666666666,0.44027777777777777
head_finetune_kshot,k_shot_labeled,linear head,rx2_to_rx1,2,1,10,source,0.5833333333333334,0.48194444444444445
head_finetune_kshot,k_shot_labeled,linear head,rx2_to_rx1,2,1,10,random,0.5833333333333334,0.48194444444444445
feat_mean_shift_source_classifier,unlabeled_target,head frozen (source),rx2_to_rx1,2,2,0,source,0.125,0.07638888888888888
feat_mean_shift_source_prototype,unlabeled_target,none (prototype),rx2_to_rx1,2,2,0,source,0.125,0.06944444444444443
feat_coral_source_classifier,unlabeled_target,head frozen (source),rx2_to_rx1,2,2,0,source,0.25,0.17857142857142852
feat_coral_source_prototype,unlabeled_target,none (prototype),rx2_to_rx1,2,2,0,source,0.16666666666666666,0.1111111111111111
linear_probe_kshot,k_shot_labeled,logistic head,rx2_to_rx1,2,2,1,n/a,0.375,0.29444444444444445
head_finetune_kshot,k_shot_labeled,linear head,rx2_to_rx1,2,2,1,source,0.25,0.1875
head_finetune_kshot,k_shot_labeled,linear head,rx2_to_rx1,2,2,1,random,0.2916666666666667,0.25277777777777777
linear_probe_kshot,k_shot_labeled,logistic head,rx2_to_rx1,2,2,5,n/a,0.625,0.5347222222222222
head_finetune_kshot,k_shot_labeled,linear head,rx2_to_rx1,2,2,5,source,0.6666666666666666,0.5625
head_finetune_kshot,k_shot_labeled,linear head,rx2_to_rx1,2,2,5,random,0.6666666666666666,0.5625
linear_probe_kshot,k_shot_labeled,logistic head,rx2_to_rx1,2,2,10,n/a,0.5416666666666666,0.44027777777777777
head_finetune_kshot,k_shot_labeled,linear head,rx2_to_rx1,2,2,10,source,0.5833333333333334,0.4791666666666667
head_finetune_kshot,k_shot_labeled,linear head,rx2_to_rx1,2,2,10,random,0.4583333333333333,0.35694444444444445
